400nm,410nm,420nm,430nm,440nm,450nm,460nm,470nm,480nm,490nm,500nm,510nm,520nm,530nm,540nm,550nm,560nm,570nm,580nm,590nm,600nm,610nm,620nm,630nm,640nm,650nm,660nm,670nm,680nm,690nm,700nm,L,a,b,C,H,染料_1,濃度_1,布號,revised,abort
55.85,58.79,60.96,62.74,63.74,64.01,63.91,63.29,62.01,59.95,57.32,54.18,50.91,47.14,43.86,41.16,38.82,36.41,34.36,33.11,32.73,32.5,32.19,32.05,32.59,34.85,39.17,44.56,53.68,58.67,66.17,71.78,-7.02,-19.83,21.04,250.51,264-1,0.06,FVF2429,0,0
34.82,35.94,36.81,37.6,37.81,37.63,36.71,35.59,33.91,31.79,29.27,26.48,23.7,20.85,18.31,16.23,14.53,12.88,11.53,10.76,10.56,10.37,10.2,10.13,10.45,11.87,14.76,18.49,25.35,29.57,36.35,50.01,-6.29,-28.83,29.51,257.7,264-1,0.5,FVF2429,0,0
23.07,23.59,24.17,24.65,24.81,24.58,23.65,22.56,21.06,19.16,16.98,14.63,12.38,10.23,8.45,7.06,6.04,5.1,4.41,4.1,3.97,3.89,3.84,3.82,3.98,4.61,6.14,8.27,13.31,16.81,22.33,36.25,-3.5,-33.12,33.31,263.97,264-1,1.5,FVF2429,0,0
16.53,16.83,17.27,17.61,17.76,17.54,16.69,15.75,14.42,12.81,11,9.12,7.42,5.89,4.72,3.89,3.33,2.85,2.52,2.39,2.34,2.32,2.32,2.33,2.42,2.66,3.41,4.53,8.01,10.77,15.31,28.41,0.31,-33.13,33.13,270.54,264-1,3,FVF2429,0,0
52.11,53.69,54.69,55.37,55.63,55.84,55.88,55.63,54.68,53.48,51.88,50.12,48.3,46.34,44.54,42.87,41.2,39.69,38.4,37.38,36.66,36.31,36.25,36.5,37.62,39.47,42.34,45.68,52.9,57.72,65.39,72.05,-4.53,-12.26,13.07,249.73,F6S,0.06,FVF2429,0,0
30.54,30.29,30.02,29.75,29.4,29.03,28.42,27.66,26.31,24.74,23.21,21.52,19.9,18.36,16.92,15.55,14.36,13.27,12.39,11.74,11.33,11.04,11,11.17,11.85,13.03,14.89,17.19,22.45,26.57,33.53,47.85,-3.89,-21.39,21.74,259.7,F6S,0.5,FVF2429,0,0
19.39,18.82,18.44,18.1,17.79,17.42,16.85,16.15,14.98,13.69,12.44,11.11,9.89,8.8,7.84,6.94,6.21,5.56,5.08,4.76,4.55,4.39,4.38,4.49,4.79,5.37,6.4,7.74,11.33,14.56,20.11,33.89,-2.09,-24.56,24.65,265.13,F6S,1.5,FVF2429,0,0
12.84,12.28,11.92,11.65,11.36,11.05,10.6,10.01,9.07,8.07,7.11,6.14,5.32,4.64,4.05,3.56,3.18,2.88,2.63,2.5,2.42,2.36,2.36,2.41,2.56,2.84,3.26,3.86,6.03,8.29,12.51,24.83,0.8,-24.42,24.44,271.88,F6S,3,FVF2429,0,0
58.49,62.87,66.28,69.2,71.47,73.59,75.35,76.32,76.7,76.66,76.03,74.6,72.77,70.17,67.33,64.24,60.85,57.34,54.05,51,47.99,44.99,42.41,40.31,38.89,37.87,36.98,35.97,35.55,35.69,37.52,82.93,-15.4,-9.4,18.04,211.39,261-8,0.06,FVF2429,0,0
45.55,50.08,53.61,56.55,59.42,63.31,65.96,66.15,64.17,61,57.22,52.8,48.41,43.84,39.73,35.86,32.25,28.96,26.07,23.6,21.28,18.99,17.1,15.61,14.62,13.89,13.29,12.59,12.41,12.51,13.7,67.43,-18.53,-25.95,31.89,234.47,261-8,0.5,FVF2429,0,0
33.48,37.29,40.39,42.9,45.41,48.95,50.94,50.32,47.52,44.03,40.44,36.56,32.91,29.27,25.95,22.76,19.81,17.14,14.85,12.94,11.18,9.52,8.23,7.27,6.63,6.19,5.85,5.44,5.36,5.46,6.14,56.32,-17.73,-30.25,35.06,239.63,261-8,1.5,FVF2429,0,0
25.68,29.05,31.74,33.82,35.92,38.81,39.91,38.94,36.01,32.75,29.6,26.35,23.33,20.39,17.67,15.05,12.71,10.63,8.91,7.52,6.34,5.26,4.47,3.96,3.58,3.34,3.15,2.96,2.92,3.05,3.34,47.82,-15.49,-32.64,36.13,244.61,261-8,3,FVF2429,0,0
58.08,61.33,62.6,62.77,61.65,59.36,57.25,55.31,52,49.61,48.34,46.15,44.23,44.83,46.63,46.94,46.8,52.06,62.73,74.12,82.63,86.68,87.8,88.35,88.33,88.38,88.34,88.25,88.25,88.04,88.08,80.26,24.72,-1.06,24.74,357.55,142,0.06,FVF2429,0,0
46.59,48.27,47.37,44.4,40.55,36.19,32.64,29.99,26.56,24.24,23.12,21.31,19.77,20.22,21.67,21.84,21.7,25.91,35.6,49.2,64.52,75.85,80.98,83.66,84.56,84.58,85.36,85.58,85.86,85.88,86.61,65.36,43.51,-2.05,43.56,357.31,142,0.5,FVF2429,0,0
36.26,37.41,35.72,32.31,28.48,24.39,21.11,18.71,15.79,13.88,12.97,11.53,10.4,10.76,11.86,11.91,12.05,15.19,23.24,34.8,48.3,59.43,65.63,69.63,71.94,73.1,74.76,75.61,76.93,77.39,78.88,55.27,49.44,-2.27,49.5,357.37,142,1.5,FVF2429,0,0
29.61,30.33,28.11,24.46,20.65,16.87,13.94,11.89,9.56,8.12,7.44,6.44,5.76,5.99,6.67,6.69,6.77,9.05,15.55,25.91,38.76,50.29,57.43,62.15,64.91,66.42,68.42,69.72,71.48,71.95,74.03,48.1,54.28,-0.89,54.29,359.06,142,3,FVF2429,0,0
30.5,29.51,28.84,28.43,28.54,29.8,32.99,38.05,47.48,58.55,67.82,73.57,76.61,78.33,79.37,80.34,81.28,82,82.58,82.87,83.17,83.33,83.44,83.62,83.94,84.58,85.5,86.21,87.35,87.64,87.96,89.9,-6.66,42.06,42.59,98.99,327,0.06,FVF2429,0,0
9.7,8.64,8.28,8.07,8.19,8.91,10.85,14.3,21.83,32.43,44.19,54.58,61.81,66.51,69.96,72.95,75.28,77.26,79.23,80.82,82.13,83.13,83.79,84.3,84.81,85.46,86.06,86.41,87.11,87.15,87.4,85.33,-0.79,73.59,73.59,90.62,327,0.5,FVF2429,0,0
4.01,3.46,3.31,3.25,3.31,3.6,4.46,6.31,11.27,19.62,30.05,40.43,48.68,54.92,59.64,63.77,67.02,69.81,72.41,74.54,76.46,78.04,79.14,80.17,81.06,82.11,83.23,83.98,85.3,85.67,86.28,80.58,5.23,86.84,86.99,86.56,327,1.5,FVF2429,0,0
3.21,2.83,2.7,2.65,2.68,2.88,3.49,4.91,9.04,16.45,26.15,35.93,43.93,50.22,55.16,59.61,63.23,66.46,69.57,72.19,74.55,76.6,78.03,79.32,80.41,81.61,82.74,83.48,84.69,84.97,85.59,78.73,8.16,88.68,89.05,84.74,327,3,FVF2429,0,0
32.04,29.47,27.7,26.87,27.06,28.69,32.22,38.19,51.05,66.26,75.7,79.42,80.65,81.59,82.26,82.83,83.38,83.89,84.76,85.23,85.61,85.79,85.9,86.06,86.31,86.79,87.33,87.63,88.25,88.22,88.4,91.28,-8.98,44.54,45.43,104.4,322-6,0.06,FVF2429,0,0
11.31,9.16,8,7.58,7.69,8.57,10.75,14.91,25.52,41.88,59.09,70.57,75.75,78.25,79.8,81.17,82.2,82.82,83.46,83.97,84.37,84.69,84.93,85.22,85.56,86.14,86.73,87.09,87.77,87.83,88.09,88.87,-8.93,77.18,77.69,96.6,322-6,0.5,FVF2429,0,0
4.6,3.6,3.13,2.98,3,3.39,4.25,6.49,13.9,27.39,43.33,56.01,62.67,65.99,68.04,69.87,71.18,72.17,73.17,73.95,74.62,75.2,75.65,76.34,77.27,78.58,80.08,81.23,83,83.63,84.73,83.28,-5.38,88.19,88.36,93.49,322-6,1.5,FVF2429,0,0
2.86,2.27,2.17,2.1,2.09,2.22,2.53,3.63,8.66,20.2,36.25,51.45,61.49,67.36,70.93,73.74,75.73,77.16,78.48,79.53,80.48,81.21,81.77,82.43,83.03,83.8,84.54,85.04,85.9,86.06,86.43,84.38,-1.44,98.73,98.74,90.84,322-6,3,FVF2429,0,0
39.47,38.16,36.89,35.82,35.05,34.96,35.29,36.11,37.68,40.12,42.71,45.45,48.41,51.8,55.73,60.39,64.94,69.28,73.3,76.57,79.25,81.32,82.64,83.68,84.48,85.36,86.24,86.72,87.64,87.74,88.08,82.39,12.92,27.02,29.95,64.45,432,0.06,FVF2429,0,0
16.54,14.64,13.31,12.38,11.79,11.68,11.87,12.3,13.43,15.13,17.02,19.04,21.26,23.98,27.19,31.17,35.59,40.59,46.12,51.68,57.43,63.11,67.8,71.74,74.86,77.47,79.61,81.09,82.95,83.45,84.21,66.22,26.83,41.46,49.39,57.09,432,0.5,FVF2429,0,0
7.44,6.15,5.38,4.88,4.61,4.51,4.61,4.85,5.4,6.38,7.55,8.87,10.43,12.49,15.03,18.26,21.99,26.31,31.18,36.35,42.07,48.26,54.04,59.75,64.93,69.44,73.18,75.93,78.79,79.83,81.24,55.41,34,49.27,59.86,55.39,432,1.5,FVF2429,0,0
4.52,3.61,3.23,2.97,2.8,2.75,2.81,2.94,3.24,3.76,4.48,5.34,6.42,7.93,9.93,12.59,15.83,19.69,24.17,28.95,34.28,40.19,46.01,51.98,57.75,62.98,67.6,71.27,75.1,76.45,78.36,49.34,37.37,50.17,62.56,53.31,432,3,FVF2429,0,0
55.98,58.5,59.89,60.6,60.68,60.57,60.24,59.68,58.68,57.48,55.9,54.08,52.28,50.29,48.53,47,45.37,43.73,42.39,41.4,40.52,39.69,39.35,39.86,42.03,45.55,50.07,54.58,59.5,61.26,64.72,74.67,-3.99,-12.2,12.84,251.91,461-9,0.06,FVF2429,0,0
34.39,34.64,34.22,33.49,32.6,31.63,30.59,29.59,28.23,26.8,25.22,23.47,21.78,20.2,18.74,17.38,16.1,14.87,13.93,13.25,12.7,12.17,12.05,12.28,13.61,15.94,19.12,22.51,26.4,28.13,31.33,50.02,-3.24,-21.75,22,261.52,461-9,0.5,FVF2429,0,0
24.14,23.92,23.34,22.56,21.75,20.9,19.95,19.08,17.92,16.65,15.32,13.83,12.47,11.22,10.12,9.08,8.17,7.33,6.7,6.29,5.99,5.67,5.6,5.75,6.58,8.08,10.37,12.95,16.25,17.81,20.54,38.05,-2.07,-24.75,24.84,265.21,461-9,1.5,FVF2429,0,0
16.56,16.16,15.65,14.95,14.27,13.56,12.77,12.04,11.1,10.12,9.09,7.98,6.98,6.14,5.42,4.77,4.21,3.76,3.41,3.22,3.07,2.93,2.91,3.03,3.38,4.18,5.49,7.15,9.61,10.89,13.09,28.47,-0.26,-25.32,25.32,270.59,461-9,3,FVF2429,0,0
49.27,51.31,53.51,56.33,58.75,60.44,61.23,61.51,61.08,59.94,58.19,55.62,52.46,48.61,44.98,41.65,38.66,36.04,33.93,32.3,31.14,30.34,30.13,30.16,30.92,32.24,34.26,36.59,41.66,45.01,50.61,71.65,-11.58,-16.65,20.28,235.19,462-9,0.06,FVF2429,0,0
26.08,26.72,28.2,30.68,33.1,34.68,35.02,34.92,33.94,32.43,30.45,27.91,24.99,21.91,19.01,16.38,14.22,12.4,10.99,9.97,9.3,8.89,8.72,8.76,9.22,9.98,11.26,12.79,16.36,18.97,23.29,49.83,-13.65,-24.67,28.19,241.05,462-9,0.5,FVF2429,0,0
16.3,16.77,17.84,19.97,22.2,23.66,23.9,23.71,22.72,21.32,19.51,17.23,14.73,12.21,9.97,8.08,6.64,5.52,4.72,4.22,3.9,3.69,3.64,3.7,3.91,4.3,4.93,5.75,8,9.92,13.2,38,-12.63,-27.71,30.45,245.49,462-9,1.5,FVF2429,0,0
10.81,11.12,11.94,13.72,15.65,16.95,17.2,17.06,16.2,14.94,13.37,11.42,9.38,7.45,5.85,4.58,3.69,3.08,2.68,2.46,2.33,2.24,2.23,2.26,2.36,2.52,2.84,3.27,4.55,5.86,8.22,30.42,-9.88,-27.57,29.28,250.28,462-9,3,FVF2429,0,0
60.08,64.21,67.51,70.1,71.88,73.4,74.88,75.76,76.18,76.25,75.81,74.81,73.35,71.3,68.82,66.09,63.01,59.79,56.73,53.87,51.09,48.43,46.35,45.13,44.89,44.82,44.83,44.51,44.33,44.33,46.66,83.9,-13.21,-7.78,15.33,210.5,F6C-5,0.06,FVF2429,0,0
45.97,50.41,54.48,58.08,61.04,64.19,66.46,66.8,65.94,63.41,60.12,56,51.71,46.96,42.56,38.35,34.41,30.89,27.89,25.32,22.97,20.78,19.15,18.09,17.78,17.63,17.55,17.34,17.16,17.28,18.86,69.16,-19.02,-24.04,30.65,231.65,F6C-5,0.5,FVF2429,0,0
35.59,39.51,43.37,46.76,49.69,52.93,54.94,54.98,53.07,50.05,46.59,42.6,38.62,34.45,30.6,26.93,23.52,20.51,17.92,15.75,13.81,12.02,10.7,9.85,9.5,9.29,9.16,8.95,8.84,8.98,10.13,60.24,-19.37,-28.05,34.08,235.37,F6C-5,1.5,FVF2429,0,0
28.8,32.51,36.34,39.74,42.74,46.16,48.06,47.49,44.67,41,37.21,33.2,29.42,25.66,22.21,18.93,16,13.44,11.35,9.67,8.22,6.93,6.05,5.55,5.29,5.18,5.12,5,5,5.15,5.86,52.88,-17.96,-32.76,37.36,241.26,F6C-5,3,FVF2429,0,0
57.55,60.81,63.13,65.04,66.24,66.94,67.26,67.02,65.83,63.77,61.46,58.77,56.2,53.29,50.76,48.45,46.17,44.01,42.13,40.68,39.66,39,38.92,39.11,40.2,42.11,44.93,48.33,55.35,59.99,67.2,75.85,-6.54,-15.52,16.84,247.14,F6B-6,0.06,FVF2429,0,0
40.65,42.44,43.72,44.68,45.01,44.95,43.95,42.12,39.05,35.87,32.84,29.91,27.26,24.79,22.58,20.53,18.69,17.05,15.66,14.64,13.93,13.52,13.4,13.52,14.25,15.52,17.51,19.95,25.37,29.55,36.68,54.53,-4.18,-29.34,29.63,261.88,F6B-6,0.5,FVF2429,0,0
29.12,30.23,31.16,31.76,31.95,31.73,30.57,28.8,25.96,23.11,20.47,17.92,15.7,13.73,11.97,10.39,9.06,7.9,7.01,6.39,6.04,5.75,5.69,5.77,6.19,6.91,8.18,9.78,13.91,17.38,23.31,41.72,-2.14,-34.28,34.34,266.43,F6B-6,1.5,FVF2429,0,0
22.45,23.14,23.92,24.41,24.54,24.25,23,21.2,18.47,15.81,13.45,11.26,9.45,7.95,6.7,5.62,4.77,4.08,3.59,3.27,3.09,2.96,2.94,3.01,3.2,3.58,4.25,5.09,7.91,10.57,15.41,32.81,2.29,-37.52,37.59,273.49,F6B-6,3,FVF2429,0,0
56.6,60.63,63.63,65.6,66.11,65.43,63.44,60.96,57.49,54.09,50.68,47.34,44.29,41.43,38.95,36.59,34.25,32.07,30.36,29.11,28.04,27.18,27.18,27.81,30.54,35.12,41.71,49.35,62.01,68.23,75.96,68.5,-2.81,-25.58,25.73,263.73,F6J,0.06,FVF2429,0,0
37.47,40.72,43.17,44.04,43.38,40.89,37.22,33.72,29.74,26.29,23.28,20.47,18.03,15.96,14.14,12.42,10.84,9.47,8.47,7.79,7.27,6.88,6.82,7.14,8.57,11.21,15.5,20.76,30.84,37.33,47.16,45.16,3.49,-39.78,39.93,275.01,F6J,0.5,FVF2429,0,0
7.13,29.9,32.1,32.79,32.01,29.42,25.77,22.42,18.75,15.65,13.08,10.82,9,7.52,6.36,5.33,4.48,3.79,3.35,3.09,2.91,2.76,2.76,2.89,3.48,4.66,7.1,10.52,18.93,24.65,33.29,32.78,11.18,-45.28,46.64,283.87,F6J,1.5,FVF2429,0,0
19.5,21.81,23.76,24.37,23.77,21.5,18.27,15.37,12.28,9.74,7.82,6.19,4.99,4.1,3.46,2.93,2.56,2.28,2.1,2.02,1.98,1.95,1.96,2.03,2.24,2.73,3.83,5.73,11.98,16.95,24.59,25.45,16.62,-44.45,47.45,290.5,F6J,3,FVF2429,0,0
34.9,31.13,27.72,24.9,23.19,23.24,26.04,33.74,55.67,87.87,118.85,128.94,125.92,117.95,109.77,103.51,98.93,95.03,92.04,89.81,88.75,87.64,86.7,86.5,86.39,86.61,87.06,87.46,88.09,88.2,88.52,99.19,-30.62,59.14,66.6,117.37,223-3,0.06,FVF2429,0,0
13.29,10.05,7.95,6.49,5.67,5.78,6.75,10.8,26.12,55.52,95.42,125.28,133.77,128.89,118.96,109.9,103.18,97.68,93.28,89.86,88.17,86.46,85.02,84.81,84.71,84.97,85.56,85.87,86.55,86.7,87.26,98.89,-34.38,94.35,100.42,110.02,223-3,0.5,FVF2429,0,0
6.02,4.22,3.3,2.76,2.52,2.52,2.85,4.56,13.13,35.17,70.86,103.01,120.13,123.02,117.26,109.84,103.64,98.39,93.91,90.21,88.34,86.33,84.54,84.17,84.15,84.44,85.19,85.58,86.43,86.66,87.32,96.9,-28.15,108.12,111.72,104.6,223-3,1.5,FVF2429,0,0
3.75,2.71,2.33,2.13,2.02,2.04,2.19,3.03,7.82,23.1,53.88,84.95,104.36,111.86,110.93,106.67,102.13,97.97,94.33,91.13,89.68,87.8,85.88,85.68,85.53,85.77,85.92,85.96,86.18,86.19,86.48,94.83,-20.36,112.58,114.41,100.25,223-3,3,FVF2429,0,0
56.04,57.6,57.18,55.27,52.38,49.03,45.66,42.91,40,37.67,35.89,34.6,34.07,34.01,34.73,36.79,40.44,47.12,57.12,69.53,82.91,91.24,93.42,94.76,94.96,94.58,94.31,93.05,92.07,91.39,91.75,76.23,34.9,2.12,34.96,3.47,F4S-5,0.06,FVF2429,0,0
23.51,21.51,19.01,16.18,13.51,11.1,9.11,7.74,6.53,5.68,5.13,4.82,4.75,4.85,5.29,6.03,7.79,11.5,18.14,28.29,43.3,60.51,74.64,87.25,94.63,96.27,97.89,95.73,93.52,91.7,92.98,59.36,55.85,10.88,56.92,11.13,F4S-5,0.5,FVF2429,0,0
23.51,21.51,19.01,16.18,13.51,11.1,9.11,7.74,6.53,5.68,5.13,4.82,4.75,4.85,5.29,6.03,7.79,11.5,18.14,28.29,43.3,60.51,74.64,87.25,94.63,96.27,97.89,95.73,93.52,91.7,92.98,50.69,61.78,17.76,64.28,16.03,F4S-5,1.5,FVF2429,0,0
16.01,14.07,11.98,9.8,7.83,6.2,4.93,4.14,3.5,3.12,2.86,2.72,2.68,2.76,2.98,3.43,4.37,6.66,11.28,19.08,31.36,46.17,59.48,72.51,81.83,86.06,89.64,89.33,88.78,87.72,89.95,43.79,61.13,22.05,64.98,19.84,F4S-5,3,FVF2429,0,0
54.92,56.22,55.62,53.62,50.78,47.56,44.45,41.96,39.44,37.54,36.25,35.58,35.81,36.38,38.3,42.28,48.67,58.56,70.5,80.5,86.84,88.74,88.56,88.59,88.54,88.63,88.65,88.7,88.87,88.59,89.32,78.61,31,7.54,31.91,13.68,F4X-9,0.06,FVF2429,0,0
35.65,33.55,30.49,26.93,23.41,20.22,17.5,15.58,13.81,12.54,11.79,11.47,11.54,12.1,13.49,16.36,21.38,30.19,43.28,58.97,75.12,85.32,88.73,90.98,91.61,91.46,91.43,90.48,89.8,89.27,89.85,63.75,53.45,19.37,56.85,19.91,F4X-9,0.5,FVF2429,0,0
23.88,21.52,18.76,15.81,13.08,10.72,8.82,7.55,6.47,5.77,5.41,5.26,5.35,5.68,6.58,8.5,12.1,18.99,29.72,43.43,59.23,71.51,77.56,81.9,84.41,84.97,86.11,85.93,85.63,85.34,86.79,55.18,58.59,26.23,64.19,24.12,F4X-9,1.5,FVF2429,0,0
17.09,14.87,12.47,10.06,7.95,6.27,5.04,4.27,3.65,3.33,3.12,3.05,3.13,3.33,3.9,5.05,7.47,12.65,21.49,33.45,47.94,60.67,68.34,74.15,77.76,79.22,81.18,81.34,81.66,81.73,83.6,49.43,59.91,31.01,67.46,27.37,F4X-9,3,FVF2429,0,0
41.2,40.25,39.24,38.57,38.3,38.46,39.27,40.47,42.23,44.02,45.95,48.34,51.19,54.41,58.14,62.51,66.63,70.32,73.58,76.1,78.04,79.51,80.44,81.31,82.12,83.26,84.4,85.28,86.8,87.24,87.82,83.16,10.52,23.9,26.12,66.25,228-9,0.06,FVF2429,0,0
18.75,16.6,15.42,14.71,14.46,14.56,15.03,15.91,17.24,18.54,20.07,21.97,24.31,27.12,30.65,34.97,39.77,45.23,51.03,56.73,62.48,67.89,72.16,75.56,78.27,80.57,82.34,83.74,85.3,85.76,86.31,69.11,25.68,39.23,46.89,56.79,228-9,0.5,FVF2429,0,0
8.8,7.34,6.57,6.14,5.99,6.07,6.35,6.86,7.66,8.55,9.56,10.9,12.63,14.91,17.76,21.38,25.47,30.18,35.5,41.04,47.06,53.36,59.1,64.45,69.25,73.28,76.64,79.18,81.72,82.53,83.6,58.62,32.92,47.56,57.84,55.31,228-9,1.5,FVF2429,0,0
5.25,4.23,3.81,3.59,3.45,3.49,3.67,3.98,4.4,4.98,5.64,6.54,7.8,9.58,11.88,14.94,18.58,22.85,27.72,32.92,38.65,44.89,50.82,56.8,62.35,67.39,71.64,74.97,78.32,79.48,81,52.35,36.82,50.22,62.27,53.75,228-9,3,FVF2429,0,0
56.81,58.44,58.24,56.51,53.9,51.03,48.22,46.1,43.9,42,40.42,39.38,39.18,39.26,40.38,42.92,47.03,53.41,61.51,69.73,76.74,81.46,83.85,85.12,85.8,86.49,87.08,87.45,88.16,88.18,88.4,77.8,26.53,2.39,26.64,5.15,244-4,0.06,FVF2429,0,0
41.8,40.33,37.23,33.54,29.93,26.7,23.88,21.93,20.05,18.47,17.25,16.45,16.3,16.47,17.22,19.04,22.17,27.3,34.62,43.72,54.45,65.02,72.45,77.06,79.5,81.24,82.64,83.5,84.72,84.99,85.53,61.91,42.46,5.04,42.76,6.77,244-4,0.5,FVF2429,0,0
30.15,27.94,24.87,21.38,18.24,15.53,13.24,11.73,10.36,9.23,8.38,7.87,7.75,7.88,8.45,9.62,11.88,15.92,21.98,29.78,39.53,50.76,60.43,67.82,72.54,75.77,78.21,80.03,82.13,82.92,83.96,51.71,49.73,8.17,50.39,9.33,244-4,1.5,FVF2429,0,0
22.75,20.38,17.45,14.39,11.74,9.57,7.86,6.77,5.84,5.13,4.6,4.29,4.22,4.32,4.71,5.37,6.87,9.84,14.81,21.57,30.2,40.09,48.9,56.01,60.97,64.66,67.76,70.17,72.87,73.96,76.13,44.28,51.49,10.66,52.58,11.7,244-4,3,FVF2429,0,0
43.97,43.98,42.95,41.62,40.46,39.9,40.04,40.6,41.75,42.21,42.11,41.71,41.35,40.78,39.87,38.86,37.77,36.75,36.04,35.61,35.48,35.51,35.82,36.93,39,41.88,45.48,49.29,55.37,58.97,64.6,68.64,-2.75,-2.54,3.75,222.7,F0G-6,0.06,FVF2429,0,0
21.51,20.3,18.91,17.5,16.5,16.02,16.06,16.44,17.3,17.61,17.61,17.33,17.03,16.66,15.98,15.14,14.32,13.58,13.09,12.81,12.72,12.74,12.97,13.78,15.23,17.3,20.05,22.92,27.83,30.97,36.25,45.89,-3.63,-3.79,5.24,226.24,F0G-6,0.5,FVF2429,0,0
11.07,9.92,8.87,7.91,7.26,6.98,6.96,7.16,7.58,7.8,7.74,7.56,7.35,7.1,6.71,6.19,5.7,5.33,5.04,4.9,4.86,4.89,5.03,5.42,6.24,7.45,9.23,11.2,14.93,17.55,21.85,30.12,-3.35,-4.72,5.79,234.63,F0G-6,1.5,FVF2429,0,0
7.16,6.17,5.48,4.83,4.41,4.2,4.18,4.3,4.5,4.63,4.58,4.45,4.29,4.12,3.86,3.6,3.3,3.08,2.91,2.84,2.84,2.86,2.97,3.17,3.63,4.34,5.48,6.84,9.77,11.95,15.64,22.56,-2.35,-4.73,5.28,243.63,F0G-6,3,FVF2429,0,0
51.56,53,53.54,53.16,51.91,50.02,47.8,45.71,43.19,40.9,38.83,37.02,35.7,34.87,34.65,34.93,35.99,38.16,41.6,46.23,52.35,59.89,67.24,73.96,78.99,82.58,84.88,86.07,87.36,87.54,87.89,71.42,22.71,-6.81,23.71,343.3,F4I,0.06,FVF2429,0,0
31.3,30.48,29.14,27.32,25.18,22.82,20.45,18.5,16.37,14.56,13.06,11.79,10.91,10.43,10.29,10.43,11.03,12.41,14.74,18.07,22.78,29.1,36.4,45.19,54.79,63.92,71.79,77.45,82.07,83.43,84.93,48.02,35.96,-11.01,37.61,342.98,F4I,0.5,FVF2429,0,0
20.03,19.01,17.78,16.17,14.38,12.52,10.68,9.23,7.78,6.61,5.72,4.98,4.51,4.31,4.22,4.31,4.58,5.3,6.65,8.82,12.28,17.32,23.43,31.02,39.71,48.93,58.01,65.89,73.48,75.99,79.06,35.57,40.16,-10.55,41.52,345.27,F4I,1.5,FVF2429,0,0
13.84,12.84,11.74,10.42,9.03,7.6,6.27,5.28,4.36,3.67,3.17,2.82,2.61,2.5,2.49,2.54,2.7,3,3.68,4.97,7.28,11.08,16.14,22.75,30.45,38.79,47.46,55.57,64.73,68.21,72.59,28.39,39.05,-8.09,39.88,348.3,F4I,3,FVF2429,0,0
43.45,42.79,42.06,41.5,41.2,41.26,41.67,42.36,43.26,44.46,46.03,48.04,50.43,53.08,56.19,59.97,63.72,67.39,71,74.07,76.77,78.83,80.29,81.53,82.59,83.85,84.97,85.68,86.73,86.93,87.3,82.48,11.89,19.92,23.2,59.16,F2I,0.06,FVF2429,0,0
21.29,19.51,18.41,17.65,17.27,17.24,17.49,17.95,18.56,19.45,20.68,22.27,24.15,26.44,29.13,32.54,36.38,40.88,46.11,51.68,57.72,64.07,69.62,74.57,78.46,81.59,83.95,85.33,86.96,87.25,87.69,67.69,26.13,31.51,40.93,50.33,F2I,0.5,FVF2429,0,0
11.61,10.05,9.13,8.6,8.37,8.33,8.49,8.79,9.23,9.89,10.8,11.98,13.51,15.42,17.7,20.57,23.87,27.78,32.32,37.3,43,49.49,55.81,62.26,68.29,73.43,77.68,80.79,83.82,84.77,85.88,57.72,31.67,38.07,49.52,50.24,F2I,1.5,FVF2429,0,0
7.2,6.01,5.41,5.07,4.89,4.88,4.99,5.18,5.48,5.93,6.56,7.42,8.57,10.1,12,14.44,17.36,20.88,25.03,29.59,34.82,40.84,46.96,53.54,60.12,66.29,71.75,76.02,80.42,82.09,83.94,51.28,34.88,41.31,54.06,49.83,F2I,3,FVF2429,0,0
39.44,38.76,38.12,37.71,37.56,37.72,38.36,39.43,40.85,42.53,44.63,47.25,50.41,53.99,58.18,63.18,67.93,72.26,76.23,79.36,81.83,83.61,84.75,85.59,86.06,86.74,87.31,87.6,88.22,88.19,88.37,83.71,12.55,26.04,28.9,64.27,228-1,0.06,FVF2429,0,0
16.62,15.34,14.6,14.16,14.03,14.13,14.56,15.23,16.24,17.44,18.98,20.96,23.36,26.34,29.88,34.29,39.13,44.5,50.25,55.87,61.38,66.49,70.44,73.55,76.02,78.33,80.5,82.13,83.94,84.39,85.07,68.44,25.77,39.52,47.18,56.89,228-1,0.5,FVF2429,0,0
7.77,6.8,6.31,6.05,5.95,6.01,6.23,6.65,7.26,8.03,9.04,10.41,12.22,14.57,17.47,21.14,25.28,30.01,35.32,40.85,46.79,52.97,58.48,63.63,68.19,72.16,75.59,78.29,81.26,82.32,83.73,58.31,33.15,47.72,58.1,55.21,228-1,1.5,FVF2429,0,0
4.66,3.96,3.69,3.55,3.46,3.49,3.63,3.85,4.18,4.69,5.34,6.28,7.58,9.41,11.79,14.93,18.67,23.05,28.03,33.33,39.21,45.67,51.9,58.13,63.89,68.95,73.11,76.26,79.39,80.53,81.96,52.52,37.73,50.97,63.41,53.49,228-1,3,FVF2429,0,0
43.84,42.4,38.81,36.67,35.97,34.09,39.22,49.75,60.11,66.3,70.44,73.44,75.78,77.57,78.92,80.21,81.23,81.91,82.67,83.22,83.68,84.06,84.34,84.67,85.07,85.66,86.29,86.72,87.48,87.56,87.82,90.39,-5.21,33.16,33.56,98.94,122,0.06,FVF2429,0,0
23.26,20.02,16.24,14.24,13.61,12.24,16.17,25.45,37.33,46.42,53.6,59.65,64.79,69.06,72.4,75.13,77.12,78.5,79.67,80.39,80.93,81.39,81.74,82.15,82.65,83.49,84.42,85.11,86.12,86.35,86.85,86.68,-4.11,59.79,59.93,93.94,122,0.5,FVF2429,0,0
12.77,10.05,7.53,6.34,5.98,5.25,7.72,14.35,24.39,32.71,39.71,46.11,52.06,57.65,62.6,67.05,70.54,73.25,75.49,76.95,78.12,79.02,79.64,80.22,80.8,81.64,82.55,83.14,84.12,84.36,84.84,82.65,1.77,73.97,73.99,88.63,122,1.5,FVF2429,0,0
7.87,5.88,4.28,3.64,3.34,3.09,4.51,9.05,17.31,24.71,31.16,37.19,43.03,48.8,54.23,59.38,63.52,66.97,69.82,71.84,73.42,74.71,75.66,76.53,77.38,78.46,79.65,80.56,81.9,82.33,83.1,78.9,6.17,80,80.24,85.59,122,3,FVF2429,0,0
34.11,32.13,30.3,29.27,28.94,29.1,33.12,39.77,49.73,60.34,68.34,72.84,75.19,76.47,77.43,78.12,78.58,78.79,79.03,79.18,79.48,79.72,80.01,80.47,81.33,82.58,83.88,85.01,86.5,86.94,87.43,88.96,-7.57,39.56,40.28,100.83,227-1,0.06,FVF2429,0,0
11.53,9.86,8.74,8.19,7.99,8.21,10.48,14.87,22.83,33.54,45,54.45,60.94,65.42,69.1,72.19,74.52,76.37,78,79.22,80.32,81.13,81.79,82.39,83.05,83.96,84.76,85.5,86.46,86.59,86.96,84.91,-1.5,72.4,72.76,91.48,227-1,0.5,FVF2429,0,0
5.23,4.33,3.81,3.57,3.48,3.61,4.77,7.36,13.11,21.95,32.23,41.59,48.86,54.58,59.5,63.88,67.38,70.25,72.62,74.43,76.08,77.46,78.53,79.46,80.46,81.62,82.7,83.63,84.79,85.13,85.75,80.73,4.44,84.76,84.88,87,227-1,1.5,FVF2429,0,0
3.05,2.58,2.4,2.29,2.25,2.35,2.8,4.17,7.98,14.89,23.83,32.23,38.96,44.55,49.47,54.01,57.8,61.03,63.76,66.03,68.07,69.82,71.26,72.61,74.08,75.7,77.26,78.71,80.56,81.28,82.37,75.74,8.67,87.02,87.45,84.31,227-1,3,FVF2429,0,0
57.5,60.55,62.81,64.44,65.28,65.62,65.9,65.96,65.58,64.24,62.07,59.5,56.71,53.09,49.87,47.38,45.33,42.73,40.11,38.56,38.47,38.46,37.73,36.6,36.87,39.44,45.43,53.66,66.63,72.11,79.37,75.37,-7.81,-15.6,17.45,243.39,162,0.06,FVF2429,0,0
44.88,46.97,47.72,47.74,46.95,45.81,44.26,42.89,41.16,38.6,35.57,32.44,29.49,26.23,23.41,21.27,19.63,17.63,15.73,14.67,14.62,14.47,14.05,13.42,13.61,15.32,19.69,25.66,36.76,43.36,53.55,55.68,-5.23,-29.34,29.8,259.89,162,0.5,FVF2429,0,0
35.12,36.51,36.79,35.99,34.59,33,31.07,29.5,27.72,25.29,22.51,19.72,17.17,14.49,12.24,10.59,9.41,8.02,6.81,6.24,6.16,6.08,5.83,5.58,5.62,6.63,9.43,13.74,23.14,29.12,38.42,42.7,-2.23,-35.75,35.82,266.43,162,1.5,FVF2429,0,0
28.09,29.19,29.29,28.35,26.91,25.36,23.55,22.04,20.4,18.28,15.81,13.41,11.29,9.19,7.51,6.3,5.47,4.59,3.86,3.58,3.49,3.45,3.34,3.21,3.24,3.79,5.52,8.37,16.02,21.32,29.48,34.91,1.06,-37.57,37.59,271.62,162,3,FVF2429,0,0
60.42,63.64,65.45,66.46,66.68,66.76,66.76,66.64,65.99,64.39,61.94,59.08,56.14,52.42,49.06,46.57,44.46,41.82,39.2,37.67,37.57,37.53,36.76,35.68,35.97,38.59,44.61,52.82,65.96,71.72,79.32,74.99,-7.42,-17.33,18.85,246.83,162,0.06,FVF2666,0,0
46.45,48.85,49.28,48.86,47.57,45.99,44.13,42.48,40.52,37.91,34.63,31.34,28.3,25.01,22.1,19.96,18.3,16.31,14.44,13.4,13.35,13.21,12.8,12.19,12.38,14.06,18.39,24.41,35.98,42.96,53.75,54.5,-4.48,-31.66,31.98,261.94,162,0.5,FVF2666,0,0
35.16,37.13,37.27,36.2,34.58,32.82,30.8,29.14,27.28,24.82,21.94,19.1,16.53,13.85,11.61,10,8.84,7.49,6.34,5.79,5.71,5.64,5.4,5.18,5.23,6.19,8.88,13.03,22.68,28.86,38.55,41.9,-1.49,-36.96,36.99,267.69,162,1.5,FVF2666,0,0
27.84,29.44,29.42,28.28,26.71,25.04,23.1,21.52,19.83,17.63,15.12,12.68,10.57,8.52,6.88,5.74,4.98,4.15,3.49,3.24,3.16,3.13,3.03,2.93,2.96,3.47,5.03,7.66,15.36,20.9,29.43,33.87,2.33,-38.84,38.91,273.43,162,3,FVF2666,0,0
34.01,32.12,30.17,29.03,28.65,28.81,32.91,39.77,50.08,61.44,70.27,75.27,77.68,78.88,79.62,80.19,80.57,80.71,80.91,81.02,81.26,81.38,81.52,81.79,82.32,83.26,84.36,85.35,87.08,87.56,88.18,89.81,-8.36,41.08,41.92,101.51,227-1,0.06,FVF2666,0,0
10.78,9.22,8.13,7.61,7.42,7.64,9.84,14.17,22.23,33.21,44.85,54.49,61.24,66,69.79,72.99,75.35,77.14,78.8,80.04,81.09,81.93,82.6,83.21,83.81,84.61,85.35,85.94,86.87,86.98,87.29,85.17,-1.5,74.71,74.72,91.15,227-1,0.5,FVF2666,0,0
4.91,4.03,3.55,3.36,3.25,3.36,4.43,6.86,12.47,21.39,31.92,41.51,48.96,54.82,59.81,64.26,67.72,70.48,72.84,74.67,76.26,77.55,78.61,79.62,80.61,81.79,82.92,83.71,84.97,85.32,85.92,80.8,4.41,86.19,86.3,87.07,227-1,1.5,FVF2666,0,0
2.98,2.48,2.31,2.21,2.16,2.26,2.66,3.9,7.51,14.34,23.33,31.85,38.69,44.32,49.18,53.57,57,59.71,61.98,63.73,65.2,66.56,67.75,69.15,70.97,73.06,75.25,77.19,79.81,80.9,82.37,75.02,7.31,86.72,87.03,85.18,227-1,3,FVF2666,0,0
46.94,44.51,40.05,37.46,36.54,34.37,39.67,51.03,62.6,69.69,74.31,77.61,79.96,81.63,82.8,83.78,84.49,84.93,85.43,85.71,86.05,86.25,86.38,86.53,86.74,87.19,87.57,87.93,88.58,88.53,88.72,91.8,-6.7,34.34,34.98,101.05,122,0.06,FVF2666,0,0
22.27,18.81,15.06,13.12,12.5,11.17,14.99,24.17,36.02,44.95,51.95,57.84,62.82,66.96,70.34,73.04,75.05,76.54,77.74,78.54,79.17,79.76,80.25,80.85,81.6,82.73,83.87,84.81,86.19,86.56,87.1,85.77,-3.75,60.6,60.71,93.54,122,0.5,FVF2666,0,0
11.98,9.34,6.93,5.87,5.34,4.77,7.11,13.55,23.64,32.1,39.19,45.72,51.82,57.61,62.87,67.59,71.36,74.4,76.83,78.42,79.66,80.63,81.24,81.81,82.32,83.09,84.01,84.58,85.55,85.74,86.17,82.95,2.53,76.24,76.29,88.1,122,1.5,FVF2666,0,0
34.79,34.72,34.53,34.64,34.71,35.05,35.85,36.97,38.35,39.83,41.82,44.2,47.04,50.02,53.55,57.53,61.18,64.39,67.17,69.41,71.23,72.66,73.8,74.95,76.32,78.14,80.03,81.65,83.75,84.45,85.24,80.33,10.19,23.81,25.9,66.84,228-1,0.06,FVF2666,0,0
16.3,14.95,14.14,13.68,13.53,13.58,14,14.67,15.68,16.86,18.42,20.42,22.88,25.86,29.46,33.95,38.82,44.24,50.02,55.74,61.32,66.61,70.78,74.12,76.72,79.04,81.08,82.75,84.65,85.28,86.03,68.23,26.35,40.42,48.25,56.9,228-1,0.5,FVF2666,0,0
7.38,6.4,5.95,5.69,5.59,5.63,5.84,6.25,6.82,7.56,8.56,9.93,11.72,14.07,17.01,20.79,25.06,30,35.55,41.37,47.69,54.43,60.65,66.52,71.6,75.82,79.09,81.43,83.89,84.64,85.5,58.41,34.93,49.55,60.62,54.82,228-1,1.5,FVF2666,0,0
3.93,3.35,3.16,3.03,2.95,2.97,3.09,3.27,3.53,3.92,4.49,5.28,6.42,8.06,10.25,13.21,16.81,21.1,26.03,31.21,36.92,43.05,48.94,54.77,60.33,65.4,69.84,73.51,77.38,79.11,81.18,50.58,38.49,51.19,64.04,53.06,228-1,3,FVF2666,0,0
44.11,42.97,41.97,41.26,40.78,40.79,41.17,41.85,42.72,43.98,45.52,47.58,50.02,52.75,56.05,60.03,64.11,68.36,72.58,76.31,79.66,82.4,84.21,85.58,86.45,87.24,87.89,88.24,88.88,88.83,88.98,82.9,13.64,21.12,25.14,57.14,F2I,0.06,FVF2666,0,0
20.01,18.14,16.95,16.18,15.81,15.76,15.98,16.36,17.04,17.9,19.11,20.69,22.6,24.85,27.57,30.98,34.81,39.25,44.37,49.82,55.74,61.97,67.47,72.39,76.35,79.63,82.12,83.93,85.69,86.28,86.96,66.42,26.59,32.55,42.03,50.76,F2I,0.5,FVF2666,0,0
11.1,9.53,8.67,8.13,7.89,7.85,7.99,8.25,8.68,9.33,10.23,11.4,12.89,14.79,17.08,19.97,23.33,27.29,31.9,36.95,42.64,49.1,55.38,61.74,67.71,72.91,77.13,80.33,83.42,84.53,85.64,57.21,32.25,38.91,50.54,50.35,F2I,1.5,FVF2666,0,0
6.75,5.61,5.05,4.73,4.55,4.52,4.62,4.8,5.08,5.49,6.09,6.91,8,9.49,11.33,13.77,16.68,20.27,24.49,29.09,34.32,40.24,46.18,52.46,58.72,64.59,69.85,74.04,78.48,80.17,82.11,50.57,35.35,41.88,54.81,49.83,F2I,3,FVF2666,0,0
52.57,53.49,53.29,52.36,50.7,48.62,46.29,44.26,41.75,39.34,37.38,35.58,34.28,33.35,33.16,33.42,34.46,36.57,39.93,44.47,50.48,57.89,65.38,72.55,78.08,82.13,84.73,86.23,87.45,87.79,88.1,70.36,23.33,-7.35,24.46,342.51,F4I,0.05,FVF2666,0,0
31.32,30.37,28.92,26.97,24.78,22.36,19.95,17.98,15.86,14,12.53,11.27,10.4,9.93,9.79,9.92,10.51,11.87,14.17,17.51,22.23,28.56,35.86,44.58,54.13,63.41,71.52,77.65,82.46,84.06,85.58,47.34,36.66,-11.37,38.38,342.77,F4I,0.5,FVF2666,0,0
9.82,18.69,17.37,15.73,13.93,12.03,10.19,8.78,7.35,6.2,5.34,4.63,4.21,4,3.92,4.01,4.36,4.92,6.21,8.29,11.66,16.63,22.75,30.31,38.94,47.98,57,64.99,73.08,75.93,79.2,34.75,40.56,-10.74,41.95,345.17,F4I,1.5,FVF2666,0,0
13.24,12.16,11.05,9.76,8.39,7.02,5.74,4.82,3.97,3.34,2.9,2.6,2.39,2.31,2.3,2.34,2.49,2.76,3.33,4.5,6.66,10.32,15.32,21.96,29.79,38.28,47.2,55.58,65.5,69.52,74.33,27.47,39.14,-7.56,39.86,349.07,F4I,3,FVF2666,0,0
44.04,43.63,42.49,41.06,39.84,39.25,39.38,39.97,41.15,41.6,41.57,41.21,40.89,40.32,39.43,38.41,37.3,36.26,35.53,35.08,34.92,34.93,35.24,36.3,38.34,41.18,44.74,48.44,54.42,58,63.54,68.27,-2.9,-2.46,3.8,220.31,F0G-6,0.06,FVF2666,0,0
19.8,18.42,17.07,15.73,14.78,14.33,14.35,14.71,15.54,15.82,15.82,15.56,15.25,14.89,14.23,13.4,12.6,11.9,11.44,11.19,11.09,11.11,11.42,12.04,13.39,15.35,17.94,20.71,25.44,28.49,33.55,43.45,-3.8,-4.04,5.55,226.77,F0G-6,0.5,FVF2666,0,0
10.53,9.32,8.3,7.39,6.75,6.48,6.46,6.65,7.07,7.28,7.22,7.04,6.82,6.58,6.16,5.67,5.21,4.85,4.57,4.45,4.4,4.43,4.56,4.9,5.66,6.82,8.47,10.39,14.09,16.71,21,28.84,-3.47,-4.94,6.04,234.87,F0G-6,1.5,FVF2666,0,0
6.56,5.67,5,4.38,3.99,3.8,3.78,3.89,4.07,4.2,4.15,4.03,3.89,3.74,3.51,3.27,3,2.8,2.65,2.6,2.59,2.6,2.7,2.87,3.27,3.9,4.95,6.19,9,11.13,14.74,21.34,-2.24,-4.54,5.07,243.74,F0G-6,3,FVF2666,0,0
59.56,60.67,59.58,57.16,54.02,50.84,47.82,45.62,43.34,41.31,39.75,38.67,38.48,38.54,39.65,42.19,46.28,52.6,60.7,69.07,76.27,81.05,83.49,84.72,85.41,86.19,86.83,87.26,88.08,88.12,88.39,77.42,27.16,1.72,27.22,3.62,244-4,0.06,FVF2666,0,0
41.25,39.43,36.25,32.46,28.8,25.51,22.69,20.73,18.87,17.29,16.1,15.32,15.16,15.31,16.12,17.95,21.07,26.29,33.63,42.7,53.23,63.7,71.24,76.05,78.76,80.77,82.38,83.57,85.09,85.55,86.2,60.96,43.43,5.25,43.74,6.89,244-4,0.5,FVF2666,0,0
29.44,26.97,23.64,20.1,16.93,14.24,12.04,10.6,9.29,8.23,7.47,7.02,6.89,7.02,7.55,8.66,10.86,14.86,20.95,28.74,38.07,47.84,55.51,60.83,64.32,67.16,69.8,72.3,76.18,78.16,80.86,49.94,48.81,7.92,49.45,9.21,244-4,1.5,FVF2666,0,0
22.48,19.87,16.8,13.72,11.05,8.92,7.27,6.24,5.36,4.68,4.22,3.93,3.86,3.96,4.32,4.92,6.35,9.23,14.16,21.05,29.85,39.81,48.72,55.92,60.99,64.83,68.02,70.63,73.54,74.89,77.06,43.67,52.35,11.48,53.59,12.37,244-4,3,FVF2666,0,0
41.73,40.4,39.14,38.33,37.92,38.04,38.84,40.06,41.83,43.61,45.54,47.89,50.75,53.96,57.78,62.27,66.6,70.6,74.18,77.07,79.4,81.17,82.37,83.38,84.19,85.17,86.04,86.63,87.63,87.75,88.09,83.27,11.55,24.52,27.1,64.79,228-9,0.06,FVF2666,0,0
16.82,14.87,13.7,12.97,12.71,12.8,13.25,14.05,15.31,16.63,18.09,19.93,22.21,25.04,28.47,32.75,37.43,42.65,48.29,53.83,59.3,64.48,68.61,72.04,74.82,77.26,79.39,81.03,83.1,83.83,84.84,67.32,26.01,40.45,48.09,57.26,228-9,0.5,FVF2666,0,0
8.32,6.84,6.13,5.66,5.53,5.6,5.85,6.34,7.1,7.94,8.93,10.21,11.92,14.19,17.02,20.64,24.79,29.55,34.92,40.5,46.55,52.95,58.78,64.37,69.39,73.69,77.22,79.79,82.51,83.37,84.47,58.07,33.79,48.67,59.25,55.23,228-9,1.5,FVF2666,0,0
4.84,3.92,3.49,3.26,3.14,3.17,3.33,3.6,3.97,4.49,5.1,5.94,7.12,8.79,11,13.97,17.55,21.79,26.63,31.78,37.42,43.53,49.45,55.42,61.19,66.47,71.06,74.73,78.37,79.79,81.41,51.33,37.5,50.59,62.98,53.45,228-9,3,FVF2666,0,0
56.85,57.44,55.86,53.11,49.67,46.13,42.81,40.29,37.72,35.64,34.4,33.67,33.84,34.3,36.13,39.93,46.11,55.8,67.78,78.25,85.29,87.54,87.63,87.86,88.13,88.42,88.81,88.67,88.87,88.85,89.13,77.43,32.49,6.83,33.2,11.86,F4X-9,0.06,FVF2666,0,0
35.07,32.74,29.5,25.81,22.23,19.01,16.31,14.39,12.67,11.48,10.73,10.41,10.46,10.99,12.27,14.96,19.76,28.36,41.28,57.07,73.94,85.24,89.34,91.79,92.33,92.02,91.79,90.65,89.76,89.15,89.76,62.77,55.1,19.91,58.59,19.86,F4X-9,0.5,FVF2666,0,0
23.22,20.76,17.93,14.97,12.25,9.97,8.16,6.97,5.95,5.31,4.97,4.83,4.9,5.2,6.01,7.76,11.11,17.7,28.26,42.05,58.25,71.42,78.24,83.1,85.61,85.97,86.9,86.5,86.01,85.66,87.1,54.51,59.75,27.14,65.62,24.43,F4X-9,1.5,FVF2666,0,0
16.18,13.85,11.48,9.16,7.18,5.65,4.52,3.84,3.36,3.03,2.85,2.78,2.86,3.04,3.54,4.53,6.68,11.41,19.78,31.53,46.19,59.57,68.1,74.63,78.62,80.09,82.06,82.16,82.47,82.53,84.46,48.56,60.64,32.09,68.6,27.89,F4X-9,3,FVF2666,0,0
57.98,58.36,57.49,55.25,52.08,48.63,45.17,42.37,39.41,37.04,35.19,33.88,33.25,33.25,33.83,35.74,39.24,45.73,55.43,67.35,80.25,88.16,90.14,91.48,91.97,92.06,92.43,91.71,91.48,90.97,91.9,75.38,34.6,1,34.62,1.65,F4S-5,0.06,FVF2666,0,0
35.28,33.41,30.57,27.16,23.73,20.52,17.67,15.59,13.64,12.16,11.14,10.44,10.26,10.33,10.9,12.17,14.79,19.92,28.39,40.56,57.76,75.71,88.07,97.09,100.94,100.57,100.08,97.81,95.1,93.74,94.16,59.06,56.98,11.08,58.05,11.01,F4S-5,0.5,FVF2666,0,0
22.6,20.5,17.96,15.16,12.53,10.23,8.34,7.07,5.95,5.18,4.68,4.38,4.32,4.42,4.81,5.48,7.05,10.48,16.77,26.63,41.47,58.46,72.44,85.02,92.53,94.4,96.39,94.7,93.02,91.37,92.95,49.56,61.96,18.21,64.58,16.38,F4S-5,1.5,FVF2666,0,0
15.16,13.19,11.14,9.05,7.17,5.65,4.5,3.79,3.22,2.88,2.64,2.52,2.49,2.56,2.77,3.15,3.98,6.04,10.27,17.67,29.76,44.54,57.85,70.93,80.44,85.02,88.97,88.94,88.64,87.72,90.1,42.86,61.07,22.68,65.15,20.37,F4S-5,3,FVF2666,0,0
34.88,30.65,26.98,24.11,22.37,22.41,25.25,33.1,55.55,88.38,121.01,132.46,129.36,120.85,112.07,105.41,100.6,96.6,93.47,91.15,90.07,88.92,87.92,87.59,87.32,87.39,87.54,87.64,88.11,88.06,88.31,99.87,-31.57,61.08,68.76,117.33,223-3,0.06,FVF2666,0,0
12.09,8.97,7.01,5.68,4.95,5.06,5.95,9.74,24.7,54.9,97.35,131.48,142.07,136.64,125.16,114.63,106.89,100.77,95.79,91.92,90,88.07,86.53,86.27,86.12,86.36,86.62,86.89,87.46,87.54,87.94,100.31,-36.5,98.47,105.02,110.34,223-3,0.5,FVF2666,0,1
5.62,3.87,3.07,2.61,2.4,2.4,2.7,4.29,12.51,34.66,72.61,110.22,131.95,135.37,127.48,117.54,109.6,103.35,98.05,93.71,91.31,88.55,86.16,85.2,84.65,84.36,84.31,83.91,84.1,84.05,84.84,99.12,-31.47,111.96,116.3,105.7,223-3,1.5,FVF2666,0,0
3.53,2.56,2.19,2.04,1.95,1.96,2.1,2.88,7.42,22.36,53.68,86.49,107.55,116,114.42,108.88,103.4,98.67,94.6,91.09,89.47,87.36,85.4,85.2,85.04,85.14,85.65,85.59,85.95,85.96,86.56,95.34,-21.86,113.89,115.97,100.86,223-3,3,FVF2666,0,0
58.04,61.84,64.29,65.69,65.78,64.63,62.35,59.8,56.26,52.61,49.24,45.85,42.82,39.86,37.38,35.02,32.66,30.48,28.76,27.51,26.46,25.59,25.59,26.22,28.96,33.51,40.03,47.62,60.29,66.72,74.81,67.38,-2.44,-26.94,27.05,264.82,F6J,0.06,FVF2666,0,0
39.05,42.43,44.86,45.67,44.89,42.17,38.21,34.49,30.25,26.48,23.34,20.38,17.85,15.66,13.81,12.07,10.48,9.1,8.11,7.44,6.91,6.53,6.47,6.8,8.21,10.9,15.25,20.67,31.24,38,48.01,44.9,4.44,-41.67,41.9,276.08,F6J,0.5,FVF2666,0,0
26.23,29.14,31.34,32.02,31.23,28.56,24.79,21.38,17.69,14.55,12.07,9.86,8.11,6.72,5.66,4.72,3.97,3.35,2.97,2.75,2.6,2.47,2.47,2.59,3.09,4.16,6.37,9.56,17.73,23.38,31.87,31.35,12.89,-46.3,48.06,285.56,F6J,1.5,FVF2666,0,0
18.97,21.4,23.36,24.01,23.38,21.03,17.67,14.72,11.63,9.14,7.27,5.72,4.58,3.76,3.18,2.72,2.36,2.13,1.97,1.9,1.87,1.83,1.85,1.92,2.1,2.53,3.53,5.24,11.23,16.12,23.67,24.59,17.89,-44.94,48.37,291.7,F6J,3,FVF2666,0,0
59.67,62.61,64.57,66.1,66.97,67.43,67.7,67.38,66.02,63.67,60.92,57.9,54.97,51.86,49.18,46.71,44.32,42.1,40.23,38.75,37.72,37.07,36.99,37.17,38.29,40.19,42.97,46.31,53.54,58.28,65.89,74.97,-6.53,-17.57,18.74,249.62,F6B-6,0.06,FVF2666,0,0
41.94,43.63,44.9,45.85,46.21,46.05,44.82,42.79,39.45,35.95,32.83,29.74,27.03,24.46,22.2,20.14,18.28,16.6,15.23,14.22,13.52,13.11,12.99,13.13,13.87,15.16,17.18,19.61,25.15,29.36,36.47,54.26,-3.64,-30.86,31.08,263.27,FB-6,0.5,FVF2666,0,0
28.88,29.88,30.79,31.38,31.58,31.33,30.04,28.16,25.2,22.19,19.52,16.94,14.71,12.73,11.05,9.52,8.26,7.15,6.31,5.74,5.41,5.14,5.08,5.2,5.54,6.24,7.43,8.92,12.91,16.32,22.16,40.44,-1.23,-35.72,35.74,268.02,F6B-6,1.5,FVF2666,0,0
21.2,21.89,22.7,23.24,23.43,23.16,21.9,20.07,17.34,14.65,12.36,10.26,8.54,7.11,5.96,4.98,4.24,3.62,3.2,2.93,2.76,2.64,2.64,2.7,2.87,3.18,3.74,4.53,7.03,9.55,14.16,31.31,3.41,-38.04,38.19,275.12,F6B-6,3,FVF2666,0,0
60.16,64.18,66.84,68.89,70.42,72.04,73.44,74.19,74.42,74.26,73.48,72.08,70.27,67.66,64.89,61.9,58.63,55.27,52.08,49.15,46.28,43.41,40.93,38.91,37.58,36.61,35.74,34.8,34.34,34.49,36.28,81.78,-14.72,-10.27,17.95,214.9,261-8,0.06,FVF2666,0,0
45.77,50.26,53.67,56.44,59.15,62.95,65.42,65.38,63.16,59.77,55.94,51.47,47.15,42.63,38.6,34.76,31.18,27.92,25.07,22.61,20.28,18.02,16.17,14.72,13.75,13.02,12.45,11.78,11.58,11.68,12.81,66.62,-18.24,-26.92,32.51,235.87,261-8,0.5,FVF2666,0,0
32.28,36.07,39.13,41.56,44.04,47.5,49.38,48.63,45.74,42.24,38.63,34.82,31.2,27.62,24.35,21.19,18.31,15.71,13.5,11.65,10,8.47,7.25,6.39,5.83,5.44,5.12,4.76,4.68,4.78,5.38,54.82,-17.58,-31.15,35.77,240.57,261-8,1.5,FVF2666,0,0
24.63,28.05,30.81,32.95,35.1,38.1,39.25,38.27,35.23,31.83,28.59,25.26,22.22,19.25,16.55,13.96,11.66,9.67,8.05,6.75,5.66,4.68,3.97,3.52,3.2,2.99,2.83,2.66,2.64,2.75,3.01,46.63,-15.13,-33.66,36.91,245.8,261-8,3,FVF2666,0,0
60.44,64.18,66.82,68.86,70.26,71.53,72.72,73.51,74.08,74.25,74.15,73.38,72.13,69.88,67.31,64.41,61.13,57.68,54.51,51.62,48.86,46.27,44.28,43.02,42.79,42.72,42.67,42.43,42.26,42.29,44.5,82.93,-13.82,-8.02,15.98,210.14,F6C-5,0.06,FVF2666,0,0
47.37,52.02,56.2,59.82,62.75,65.9,67.91,68.07,66.33,63.41,59.94,55.72,51.42,46.66,42.3,38.1,34.19,30.68,27.66,25.1,22.76,20.52,18.87,17.8,17.46,17.28,17.18,16.93,16.73,16.87,18.41,69.06,-18.28,-25.47,31.35,234.34,F6C-5,0.5,FVF2666,0,0
35.3,39.48,43.46,46.98,49.99,53.44,55.45,55.19,52.72,49.23,45.46,41.26,37.2,32.98,29.13,25.44,22.06,19.09,16.55,14.46,12.57,10.87,9.63,8.83,8.52,8.33,8.21,8.01,7.95,8.13,9.11,29.13,-18.87,-30.16,35.58,237.96,F6C-5,1.5,FVF2666,0,0
28.26,32,35.72,38.94,41.73,45,46.67,45.97,43.14,39.56,35.94,32.09,28.46,24.8,21.4,18.17,15.3,12.8,10.75,9.12,7.72,6.48,5.63,5.14,4.87,4.74,4.65,4.52,4.51,4.64,5.26,51.98,-17.75,-32.95,37.42,241.68,F6C-5,3,FVF2666,0,0
50.36,52.23,54.3,57.01,59.34,60.84,61.36,61.5,60.83,59.47,57.68,55.07,51.92,48.06,44.47,41.18,38.19,35.61,33.5,31.88,30.7,29.93,29.72,29.75,30.53,31.85,33.86,36.27,41.25,44.6,50.1,71.35,-11.17,-17.44,20.71,237.37,462-9,0.06,FVF2666,0,0
26.13,26.72,28.17,30.74,33.23,34.81,35.06,34.87,33.74,32.08,30.05,27.39,24.43,21.24,18.33,15.71,13.55,11.76,10.39,9.4,8.73,8.33,8.17,8.22,8.67,9.43,10.67,12.19,15.75,18.39,22.7,49.16,-13.48,-25.83,29.14,242.44,462-9,0.5,FVF2666,0,0
15.32,15.84,16.9,19.06,21.29,22.75,23.02,22.86,21.89,20.44,18.67,16.39,13.9,11.4,9.23,7.41,6.05,5.02,4.28,3.83,3.54,3.35,3.3,3.36,3.54,3.88,4.48,5.2,7.39,9.25,12.49,36.85,-12.47,-28.04,30.69,246.02,462-9,1.5,FVF2666,0,0
9.83,10.06,10.82,12.6,14.49,15.8,16.01,15.84,14.95,13.66,12.12,10.23,8.28,6.47,5.03,3.93,3.2,2.67,2.36,2.19,2.1,2.03,2.03,2.06,2.13,2.26,2.5,2.77,3.9,5.06,7.21,28.68,-8.61,-27.79,29.09,252.79,462-9,3,FVF2666,0,0
56.36,58.27,59.06,59.37,59.07,58.73,58.19,57.6,56.58,55.22,53.76,51.93,50.19,48.14,46.45,44.91,43.26,41.62,40.31,39.32,38.47,37.64,37.32,37.87,40.01,43.51,48.04,52.52,57.46,59.27,62.75,73.33,-3.82,-12.89,13.44,253.5,461-9,0.06,FVF2666,0,0
35.05,35.09,34.55,33.75,32.79,31.78,30.71,29.7,28.34,26.84,25.29,23.5,21.79,20.16,18.68,17.3,15.99,14.76,13.8,13.12,12.55,12.03,11.92,12.16,13.54,15.89,19.16,22.54,26.49,28.22,31.38,49.96,-3.23,-22.12,22.35,261.68,461-9,0.5,FVF2666,0,0
22.63,22.32,21.74,20.95,20.1,19.25,18.31,17.44,16.3,15.06,13.78,12.35,11.03,9.84,8.81,7.85,7.02,6.24,5.67,5.32,5.06,4.79,4.72,4.84,5.55,6.91,9.01,11.41,14.57,16.07,18.71,35.75,-1.6,-25.52,25.57,266.42,461-9,1.5,FVF2666,0,0
15.79,15.38,14.84,14.15,13.46,12.8,12.05,11.35,10.45,9.51,8.53,7.46,6.51,5.7,5.01,4.41,3.9,3.51,3.17,2.98,2.86,2.73,2.7,2.8,3.13,3.87,5.12,6.7,9.01,10.23,12.41,27.45,0.48,-25.13,25.13,271.1,461-9,3,FVF2666,0,0
39.11,37.1,35.6,34.4,33.49,33.33,33.6,34.38,35.92,38.28,40.8,43.45,46.33,49.56,53.41,57.94,62.44,66.81,70.8,73.97,76.57,78.55,79.6,80.31,80.89,81.62,82.19,82.6,83.44,83.65,84.54,81.09,12.95,26.91,29.87,64.3,432,0.06,FVF2666,0,0
15.93,13.85,12.52,11.57,11,10.88,11.03,11.44,12.55,14.26,16.15,18.17,20.4,23.17,26.44,30.46,34.91,39.94,45.38,50.76,56.3,61.72,66.1,69.84,73.18,76.2,79.09,81.69,84.37,84.85,85.76,65.54,26.91,42.51,50.32,57.67,432,0.5,FVF2666,0,0
7.06,5.72,5.02,4.54,4.29,4.2,4.29,4.5,5.02,5.94,7.06,8.35,9.85,11.88,14.45,17.74,21.56,26.04,31.08,36.39,42.29,48.67,54.59,60.37,65.64,70.22,73.88,76.57,79.52,80.4,81.72,55.14,35.12,50.53,61.54,55.2,432,1.5,FVF2666,0,0
4.15,3.28,2.93,2.71,2.57,2.52,2.57,2.68,2.9,3.4,4.04,4.82,5.83,7.28,9.19,11.79,15.02,18.94,23.5,28.36,33.81,39.79,45.58,51.56,57.39,62.77,67.44,71.32,75.21,76.66,78.62,48.61,38.43,50.82,63.71,52.9,432,3,FVF2666,0,0
31.85,29.17,27.28,26.38,26.56,28.17,31.68,37.58,50,64.29,73.01,76.21,77.32,78.04,78.9,80.21,81.76,83.37,85.02,86.06,86.7,87.05,87.22,87.38,87.51,87.82,88.09,88.25,88.74,88.64,88.77,90.66,-6.48,44.41,44.88,98.31,322-6,0.06,FVF2666,0,0
10.49,8.33,7.25,6.86,6.95,7.77,9.85,13.92,24.51,40.92,58.19,70.05,75.47,78.09,79.7,81.12,82.24,82.94,83.68,84.18,84.67,85.01,85.29,85.59,85.87,86.45,87.04,87.43,88.14,88.16,88.39,88.81,-8.69,79.19,79.67,92.26,322-6,0.5,FVF2666,0,0
4.1,3.14,2.79,2.67,2.69,2.95,3.74,5.78,12.92,26.75,44.37,60.04,69.5,74.25,77,79.04,80.49,81.39,82.31,82.96,83.48,83.93,84.3,84.71,85.14,85.82,86.46,86.9,87.6,87.63,87.87,86.89,-5.27,95.79,95.94,93.15,322-6,1.5,FVF2666,0,0
2.66,2.17,2.07,2.01,2.01,2.12,2.38,3.38,8.17,19.69,36.03,51.27,60.95,66.13,69.11,71.45,73.04,74.13,75.19,76.06,76.82,77.5,78.13,78.87,79.69,80.86,82.06,83.09,84.45,84.98,85.7,83.3,-2.54,97.74,97.77,91.49,322-6,3,FVF2666,0,0
30.26,29.08,28.42,27.96,28.05,29.37,32.61,37.73,47.15,57.84,66.1,70.8,72.81,73.6,73.76,73.97,74.12,74.19,74.26,74.25,74.39,74.56,74.81,75.59,76.89,78.76,80.92,82.69,85.15,85.99,87.13,87.18,-8.27,38.06,38.95,102.27,327,0.06,FVF2666,0,0
9.28,8.25,7.86,7.65,7.74,8.44,10.34,13.7,21.25,31.95,43.76,54.16,61.39,66.06,69.49,72.37,74.57,76.42,78.27,79.76,80.94,81.87,82.51,83.14,83.69,84.48,85.24,85.83,86.77,87.04,87.44,84.97,-1.14,74.24,74.24,90.88,327,0.5,FVF2666,0,0
3.72,3.25,3.14,3.08,3.12,3.39,4.19,5.92,10.74,19.07,29.65,40.01,48.06,53.87,58.26,62.06,65.06,67.68,70.29,72.41,74.21,75.72,76.8,77.85,78.87,80.08,81.34,82.49,84.17,84.76,85.66,79.75,4.79,86.57,86.71,86.83,327,1.5,FVF2666,0,0
3.01,2.62,2.51,2.46,2.48,2.68,3.19,4.43,8.26,15.45,25.25,35.28,43.47,49.74,54.71,59.12,62.65,65.82,68.85,71.44,73.72,75.62,77.09,78.44,79.53,80.77,81.92,82.71,83.68,84.48,85.36,78.35,8.19,89.68,90.05,84.78,327,3,FVF2666,0,0
60.5,63.5,64.49,64.25,62.77,60.16,57.82,55.78,52.37,49.82,48.55,46.33,44.49,44.89,46.74,47.04,46.87,52.04,62.75,74.46,83.18,87.24,88.43,89.03,89.07,89.18,89.22,89.21,89.22,89.07,89.12,80.4,25.14,-1.67,25.2,356.19,142,0.06,FVF2666,0,0
47.77,49.33,47.93,44.43,40.16,35.48,31.68,28.87,25.32,22.93,21.79,19.95,18.42,18.85,20.29,20.46,20.33,24.53,34.19,47.95,64.14,77.02,83.36,86.59,87.58,87.64,87.76,87.88,87.67,87.32,87.92,64.68,46.13,-2.42,46.2,357,142,0.5,FVF2666,0,0
38.34,39.43,37.13,32.99,28.57,24.08,20.59,18.07,15.07,13.13,12.24,10.83,9.69,10.05,11.13,11.19,11.32,14.43,22.63,35.02,50.92,66.22,75.81,81.62,83.89,84.3,85.11,85.19,85.19,84.79,85.62,56.03,54.77,-0.84,54.77,359.12,142,1.5,FVF2666,0,0
30.4,30.44,28.23,24.26,20.23,16.29,13.31,11.25,8.95,7.56,6.91,5.96,5.3,5.51,6.11,6.17,6.24,8.43,14.85,25.51,40,55.34,66.52,74.06,77.59,78.61,79.8,80.26,80.53,80.46,81.68,48.93,59.2,1.53,59.22,1.48,142,3,FVF2666,0,0
52.97,54.31,54.96,55.35,55.35,55.38,55.23,54.84,53.77,52.23,50.66,48.78,46.98,44.87,43.02,41.34,39.68,38.12,36.82,35.79,35.07,34.7,34.65,34.93,36.01,37.87,40.67,43.98,50.99,55.79,63.32,71.08,-4.36,-13.48,14.17,252.08,F6S,0.06,FVF2666,0,0
30.21,29.95,29.55,29.23,28.87,28.48,27.83,27.05,25.65,24.04,22.45,20.73,19.1,17.53,16.08,14.7,13.51,12.43,11.56,10.94,10.53,10.24,10.2,10.37,11.02,12.19,14.05,16.3,21.53,25.59,32.41,46.81,-3.83,-22.29,22.62,260.25,F6S,0.5,FVF2666,0,0
18.35,17.76,17.37,17.06,16.73,16.35,15.81,15.09,13.94,12.65,11.41,10.12,8.94,7.91,6.98,6.15,5.47,4.88,4.45,4.16,3.98,3.84,3.83,3.93,4.24,4.71,5.62,6.85,10.16,13.23,18.59,32.17,-1.62,-25.17,25.23,266.32,F6S,1.5,FVF2666,0,0
12.41,11.83,11.44,11.18,10.92,10.62,10.18,9.62,8.72,7.75,6.83,5.91,5.12,4.46,3.9,3.44,3.06,2.75,2.54,2.41,2.34,2.28,2.28,2.33,2.46,2.71,3.11,3.69,5.77,7.97,12.12,24.31,0.78,-24.06,24.08,271.85,F6S,3,FVF2666,0,0
55.98,58.38,59.92,61.14,61.62,61.78,61.43,60.85,59.68,57.78,55.43,52.53,49.53,45.95,42.82,40.24,37.99,35.65,33.64,32.43,32.05,31.83,31.52,31.39,31.94,34.18,38.45,43.78,52.71,57.58,64.93,71.02,-6.78,-19.26,20.4,250.62,264-1,0.06,FVF2666,0,0
35.07,36.13,36.96,37.63,37.82,37.58,36.55,35.4,33.67,31.4,28.82,25.94,23.12,20.17,17.61,15.52,13.83,12.19,10.86,10.11,9.92,9.72,9.57,9.52,9.83,11.21,14.08,17.85,24.82,29.16,35.99,49.28,-6.1,-29.97,30.59,258.49,264-1,0.5,FVF2666,0,0
22.41,22.92,23.49,23.95,24.1,23.85,22.86,21.79,20.27,18.33,16.14,13.79,11.59,9.46,7.75,6.44,5.48,4.61,3.99,3.67,3.59,3.53,3.48,3.48,3.62,4.2,5.59,7.62,12.57,16.11,21.69,35.06,-2.82,-33.85,33.96,265.24,264-1,1.5,FVF2666,0,0
16.22,16.46,16.9,17.27,17.39,17.13,16.25,15.3,13.97,12.32,10.51,8.65,7,5.52,4.44,3.64,3.09,2.67,2.39,2.27,2.23,2.21,2.19,2.2,2.3,2.62,3.18,4.22,7.59,10.38,14.96,27.68,1.08,-33.48,33.5,271.84,264-1,3,FVF2666,0,0
35.15,33.36,32.54,31.87,31.92,32.96,36.35,41.86,52.37,64.83,74.88,80.77,83.5,84.9,85.58,86.12,86.71,87.17,87.45,87.51,87.69,87.7,87.65,87.64,87.64,87.86,88.1,88.3,88.8,88.65,88.72,92.38,-8.23,41.42,42.23,101.24,327,0.06,FVF2184,0,0
10.68,9.44,8.89,8.75,8.85,9.61,11.67,15.39,23.76,36.04,50.12,62.8,71.23,76.36,79.46,81.53,82.98,83.97,84.77,85.24,85.76,86.12,86.26,86.39,86.55,86.92,87.3,87.68,88.27,88.21,88.33,88.42,-5.2,75.89,76.07,93.92,327,0.5,FVF2184,0,0
4.51,3.88,3.74,3.64,3.68,4.05,4.86,6.79,12.2,21.64,34.03,46.87,57.16,64.63,69.87,73.7,76.38,78.45,80.23,81.49,82.59,83.36,83.85,84.26,84.71,85.32,85.95,86.43,87.3,87.4,87.69,84.39,1.65,90.53,90.54,88.96,327,1.5,FVF2184,0,0
3.75,3.29,3.22,3.17,3.19,3.38,3.87,5.13,9.26,17.33,28.72,40.83,51.05,58.97,64.88,69.57,72.92,75.52,77.75,79.47,80.97,82.12,82.86,83.46,84.08,84.97,85.89,86.6,87.56,87.69,88.06,82.53,5.19,92.51,92.66,86.79,327,3,FVF2184,0,0
36.52,33.03,30.9,29.91,30.09,31.95,35.9,42.57,56.65,72.34,81.32,84.64,85.71,86.23,86.59,86.91,87.23,87.33,87.47,87.5,87.67,87.65,87.59,87.55,87.54,87.69,87.89,88.07,88.57,88.44,88.57,92.95,-10.64,42.51,43.82,104.05,322-6,0.06,FVF2184,0,0
12.26,9.74,8.48,7.93,8.05,9.08,11.49,16.16,28.23,47.29,67.15,79.4,83.86,85.61,86.31,86.8,87.2,87.4,87.57,87.61,87.83,87.88,87.89,87.93,88,88.18,88.37,88.49,88.96,88.8,88.87,91.25,-12.18,78.39,79.33,98.83,322-6,0.5,FVF2184,0,0
4.77,3.63,3.29,3.16,3.17,3.45,4.31,6.62,14.9,30.87,51.15,68.33,77.1,81.24,83.21,84.49,85.38,85.9,86.26,86.43,86.69,86.79,86.81,86.9,87.04,87.4,87.76,88.14,88.78,88.73,88.91,89.2,-8.5,95.85,96.23,95.07,322-6,1.5,FVF2184,0,0
2.87,2.48,2.38,2.33,2.31,2.4,2.63,3.59,8.58,21.24,39.85,57.96,69.34,75.21,78.22,80.19,81.5,82.25,82.77,82.98,83.33,83.51,83.64,83.93,84.46,85.3,86.25,86.91,87.91,87.96,88.25,86.76,-4.82,101.17,101.28,92.73,322-6,3,FVF2184,0,0
44.56,42.17,40.24,38.75,37.65,37.35,37.68,38.53,40.35,42.97,45.83,48.82,52.05,55.64,59.89,64.73,69.4,73.62,77.36,80.23,82.56,84.2,85.24,85.92,86.43,87.04,87.49,87.94,88.63,88.62,88.82,84.3,11.75,26.87,29.33,66.39,432,0.06,FVF2184,0,0
17.6,15.19,13.72,12.66,11.99,11.85,12.02,12.46,13.63,15.39,17.43,19.64,22.12,25.2,28.92,33.57,38.73,44.64,51.09,57.51,64.08,70.3,75.17,79.11,81.96,84.21,85.81,86.81,87.9,88.06,88.35,68.52,28.89,44.82,53.32,57.19,432,0.5,FVF2184,0,0
7.11,5.69,4.98,4.52,4.27,4.18,4.26,4.45,4.93,5.79,6.86,8.13,9.69,11.78,14.48,18,22.18,27.17,32.88,38.98,45.81,53.17,59.97,66.51,72.16,76.78,80.4,83.01,85.51,86.15,87.02,56.38,38.02,52.9,65.14,54.29,432,1.5,FVF2184,0,0
4.4,3.62,3.29,3.09,2.96,2.92,2.96,3.06,3.24,3.65,4.19,4.91,5.87,7.31,9.29,12.04,15.5,19.89,25.04,30.68,37.1,44.23,51.22,58.4,65.21,71.21,76.17,79.86,83.42,84.57,85.9,50.23,41.64,51.07,65.89,50.81,432,3,FVF2184,0,0
65.1,66.76,67.59,67.52,66.88,66.26,65.45,64.6,63.31,61.74,59.95,57.81,55.63,53.21,51.21,49.28,47.29,45.38,43.79,42.62,41.69,40.81,40.49,41.09,43.55,47.53,52.62,57.78,63.18,65.12,68.58,76.23,-4.03,-14.76,15.3,254.73,461-9,0.06,FVF2184,0,0
39.59,39.2,38.51,37.48,36.3,35.19,34,32.87,31.35,29.76,27.97,25.98,24.03,22.18,20.54,18.96,17.45,16.08,15,14.24,13.63,13.04,12.93,13.2,14.77,17.48,21.23,25.24,29.9,31.91,35.52,52.04,-3.42,-23.26,23.51,261.64,461-9,0.5,FVF2184,0,0
26.02,25.38,24.66,23.72,22.76,21.81,20.77,19.8,18.56,17.22,15.79,14.19,12.7,11.35,10.18,9.08,8.11,7.25,6.62,6.22,5.9,5.6,5.53,5.67,6.54,8.13,10.61,13.5,17.22,18.94,21.98,38.27,-1.77,-26.11,26.17,266.11,461-9,1.5,FVF2184,0,0
16.86,16.27,15.63,14.87,14.11,13.38,12.58,11.83,10.89,9.91,8.87,7.77,6.75,5.91,5.23,4.6,4.08,3.66,3.35,3.18,3.06,2.94,2.93,3.03,3.34,4.1,5.42,7.15,9.79,11.18,13.59,28.11,0.94,-25.52,25.54,272.1,461-9,3,FVF2184,0,0
57.29,59.04,61.27,64.3,66.84,68.46,68.94,68.98,68.2,66.67,64.68,61.78,58.24,53.86,49.79,46,42.59,39.66,37.19,35.34,34.01,33.15,32.95,33.01,33.96,35.53,37.88,40.66,46.56,50.34,56.47,74.65,-11.73,-18.48,21.89,237.61,462-9,0.06,FVF2184,0,0
29.01,29.76,31.24,34.26,37.2,39.09,39.35,39.06,37.73,35.73,33.35,30.26,26.83,23.18,19.9,16.96,14.56,12.6,11.08,9.99,9.26,8.84,8.68,8.75,9.25,10.08,11.46,13.21,17.24,20.3,25.3,51.1,-13.96,-27.75,31.07,243.29,462-9,0.5,FVF2184,0,0
17,17.44,18.61,21.12,23.7,25.37,25.58,25.3,24.13,22.41,20.32,17.73,14.91,12.14,9.75,7.78,6.32,5.24,4.49,4.03,3.76,3.57,3.51,3.57,3.77,4.11,4.7,5.49,7.83,9.93,13.57,38.13,-12.16,-30.01,32.38,247.97,462-9,1.5,FVF2184,0,0
10.72,10.98,11.86,13.83,15.98,17.44,17.65,17.41,16.4,14.98,13.21,11.11,8.95,7.02,5.49,4.35,3.6,3.12,2.79,2.64,2.56,2.51,2.5,2.53,2.59,2.72,2.94,3.2,4.36,5.63,8,30.27,-7.79,-28.46,29.5,254.7,462-9,3,FVF2184,0,0
70.59,75.23,78.64,80.78,82.25,83.52,84.43,84.82,84.94,84.58,83.94,82.75,81.1,78.79,75.94,72.66,69.11,65.39,61.86,58.61,55.54,52.64,50.45,49.18,49.12,49.22,49.29,49.12,48.88,48.85,51.17,87.16,-13.29,-9.93,16.59,216.76,F6C-5,0.06,FVF2184,0,0
54.84,59.85,64.67,68.43,71.14,73.8,75.14,75.02,73.31,70.53,67.09,63.09,58.81,53.8,48.96,44.12,39.58,35.56,32.05,29.04,26.38,23.87,22.02,20.91,20.7,20.66,20.67,20.51,20.32,20.44,22.22,72.96,-18.74,-25.45,31.6,233.63,F6C-5,0.5,FVF2184,0,0
39.99,45.08,50.9,56.23,60.6,65.31,67.23,66.14,61.83,56.5,51.22,45.92,40.96,35.95,31.41,27.05,23.23,19.91,17.13,14.83,12.86,11.07,9.81,9.16,8.95,8.95,9,8.93,8.89,9.06,10.23,61.5,-17.91,-36.02,40.22,243.57,F6C-5,1.5,FVF2184,0,0
31.99,36.54,42.05,47.11,51.41,56.11,57.89,56.49,51.93,46.6,41.53,36.52,31.93,27.44,23.39,19.58,16.24,13.45,11.17,9.4,7.93,6.7,5.87,5.45,5.32,5.33,5.38,5.37,5.4,5.56,6.28,54.63,-16.78,-38.77,42.25,246.59,F6C-5,3,FVF2184,0,0
68.5,72.83,75.6,77.16,78.33,79.62,80.6,81.01,81.14,80.79,80.07,78.78,76.99,74.74,72.17,69.24,65.97,62.55,59.19,55.99,52.86,49.71,46.91,44.57,43.07,41.94,40.93,39.92,39.4,39.53,41.49,85.4,-13.77,-10.1,17.08,216.25,261-8,0.06,FVF2184,0,0
52.21,57.06,60.91,63.87,66.67,70.7,73.23,73.24,71.09,67.7,63.58,58.75,53.86,48.8,44.22,39.78,35.65,31.91,28.6,25.74,23.1,20.52,18.4,16.73,15.6,14.79,14.12,13.41,13.02,13.23,14.53,70.29,-19.46,-27.41,33.61,234.63,261-8,0.5,FVF2184,0,0
37.19,41.58,45.39,48.39,51.57,56.48,59.37,58.48,54.66,50.06,45.28,40.38,35.8,31.42,27.54,23.78,20.44,17.51,14.99,12.92,11.08,9.35,8.01,7.07,6.41,5.99,5.64,5.26,5.18,5.26,5.93,58.11,-18.35,-34.38,38.97,241.9,261-8,1.5,FVF2184,0,0
27.94,31.88,35.27,37.96,40.8,45.2,47.38,45.98,41.93,37.55,33.3,29.15,25.33,21.78,18.58,15.54,12.9,10.65,8.84,7.39,6.19,5.15,4.38,3.91,3.56,3.34,3.17,2.99,2.96,3.07,3.34,49.45,-15.61,-36.83,40,247.03,261-8,3,FVF2184,0,0
68.44,71.62,73.45,74.49,75.06,75.43,75.73,75.63,74.93,73.43,71.52,69.19,66.71,63.82,61.28,58.86,56.39,54.05,51.99,50.32,49.23,48.57,48.54,48.81,50.18,52.43,55.69,59.52,67.07,71.33,77.38,81.66,-6.45,-13.11,14.61,243.8,F6B-6,0.06,FVF2184,0,0
46.99,48.6,50.02,50.95,51.13,50.85,49.13,46.53,42.53,38.48,34.83,31.33,28.24,25.37,22.9,20.6,18.56,16.77,15.29,14.2,13.45,13.05,12.96,13.13,13.93,15.36,17.65,20.41,26.75,31.59,39.77,55.15,-2.86,-34.19,34.31,265.22,F6B-6,0.5,FVF2184,0,0
33.19,34.16,35.24,35.92,36.05,35.63,33.93,31.52,27.96,24.46,21.34,18.44,15.92,13.73,11.85,10.14,8.76,7.6,6.69,6.08,5.74,5.47,5.42,5.51,5.95,6.71,8.06,9.74,14.4,18.35,25.18,41.99,-0.01,-38.68,38.68,269.99,F6B-6,1.5,FVF2184,0,0
24.07,24.74,25.64,26.24,26.42,26.07,24.53,22.34,19.14,16.11,13.49,11.12,9.19,7.63,6.38,5.33,4.55,3.91,3.48,3.21,3.05,2.94,2.93,2.98,3.16,3.5,4.11,4.91,7.81,10.72,16.16,32.7,4.76,-40.32,40.6,276.73,F6B-6,3,FVF2184,0,0
66.32,70.39,73.11,74.29,74.29,73.06,70.62,67.79,63.78,59.66,55.7,51.76,48.16,44.7,41.8,39.02,36.23,33.73,31.75,30.32,29.15,28.15,28.18,28.93,32.12,37.4,44.86,53.54,67.07,73.04,79.93,70.54,-2.8,-28.7,28.83,264.43,F6J,0.06,FVF2184,0,0
45.15,48.99,51.99,53.07,52.1,48.89,44.09,39.59,34.53,30.17,26.45,23.02,20.09,17.59,15.45,13.46,11.67,10.14,9.02,8.29,7.7,7.29,7.24,7.62,9.24,12.37,17.46,23.82,36.14,43.75,54.79,47.4,5.49,-44.61,44.95,277.02,F6J,0.5,FVF2184,0,0
29.91,33.17,35.82,36.66,35.71,32.53,28.07,24.1,19.84,16.26,13.42,10.94,8.98,7.44,6.26,5.24,4.44,3.81,3.43,3.19,3.04,2.91,2.91,3.03,3.57,4.72,7.23,10.92,20.55,27.24,37.27,33.23,14.5,-48.66,50.77,286.6,F6J,1.5,FVF2184,0,0
20.42,23.1,25.38,26.07,25.3,22.59,18.83,15.51,12.11,9.45,7.44,5.85,4.71,3.88,3.36,2.94,2.61,2.41,2.28,2.23,2.21,2.18,2.19,2.25,2.41,2.8,3.75,5.48,12.07,17.6,26.23,25.51,19.73,-46.07,50.12,293.19,F6J,3,FVF2184,0,0
37.97,32.91,28.8,25.59,23.71,23.85,27.05,35.9,61.15,97.03,128.26,135.13,131.51,122.27,113.46,106.79,101.94,97.84,94.57,91.98,90.54,88.99,87.61,86.73,86.06,85.7,85.44,84.93,85.17,85.07,85.51,100.56,-33.08,59.05,67.68,119.26,223-3,0.06,FVF2184,0,1
13.57,10.08,7.96,6.52,5.73,5.87,6.89,11.16,27.89,61.59,109.24,144.21,151.58,143.53,130.84,119.75,111.72,105.28,99.92,95.78,93.71,91.64,89.96,89.42,89.07,89.01,89.03,89.04,89.42,89.28,89.39,102.43,-38.88,98,105.43,111.64,223-3,0.5,FVF2184,0,1
5.9,4.16,3.4,2.94,2.76,2.78,3.09,4.77,13.46,37.65,81.46,126.4,149.1,149.34,138.53,126.69,117.69,110.56,104.45,99.45,96.83,94.14,91.81,90.82,90.12,89.65,89.41,88.94,88.95,88.7,88.67,102.38,-34.8,114.34,119.51,106.93,223-3,1.5,FVF2184,0,1
3.5,2.71,2.5,2.35,2.27,2.3,2.45,3.2,7.47,22.1,55.86,96.84,126.05,135.38,130.52,121.77,114.24,108.23,102.92,98.38,96.04,93.29,90.73,89.81,89.32,88.85,88.73,88.28,88.19,88.02,88.1,99.28,-25.83,118.28,121.06,102.32,223-3,3,FVF2184,0,0
67.03,68.4,67.53,64.99,61.54,57.75,53.93,50.8,47.51,44.69,42.58,40.99,40.17,40.06,40.54,42.4,45.84,52.33,62.37,74.74,87.58,94.42,95.65,96.39,96.4,95.79,95.19,93.76,92.49,91.67,91.77,79.46,32.06,-1.2,32.09,357.86,F4S-5,0.06,FVF2184,0,0
41.5,39.07,35.75,31.83,27.86,24.15,20.87,18.48,16.21,14.46,13.27,12.45,12.19,12.26,12.7,14.04,16.67,21.91,30.74,43.84,62.77,81.98,93.89,101.34,103.95,102.51,102.41,99.41,96.75,95.25,95.76,61.44,56.62,8.57,57.26,8.61,F4S-5,0.5,FVF2184,0,0
25.6,23.01,20.16,17.05,14.14,11.58,9.49,8.08,6.89,6.03,5.49,5.18,5.09,5.18,5.57,6.24,7.82,11.25,17.65,28.04,44.48,64.31,80.96,95.2,102.41,102.9,103.58,100.45,97.14,95.39,95.76,51.68,63.58,17.85,66.03,15.68,F4S-5,1.5,FVF2184,0,0
17.23,15.04,12.73,10.39,8.33,6.64,5.37,4.58,3.95,3.58,3.32,3.19,3.14,3.2,3.42,3.83,4.7,6.81,11.16,18.95,32.19,49.3,65.26,80.62,90.59,93.87,96.24,94.5,92.45,90.69,92.13,45.19,62.51,22.44,66.41,19.75,F4S-5,3,FVF2184,0,0
66.55,67.97,67.06,64.44,60.91,57.18,53.54,50.65,47.72,45.33,43.72,42.79,42.79,43.09,44.78,48.39,54.29,63.58,74.39,82.77,87.36,88.01,87.69,87.87,88.57,89.08,89.97,90.03,90.07,89.82,89.76,81.46,26.95,2.55,27.07,5.4,F4X-9,0.06,FVF2184,0,0
41.55,38.63,34.72,30.43,26.3,22.6,19.47,17.25,15.25,13.79,12.92,12.5,12.58,12.99,14.28,16.97,21.78,30.75,44.62,61.95,80.17,91.3,94.5,96.11,96.07,95.03,94.86,93.27,92.33,91.54,91.83,65.19,54.89,17.26,57.54,17.45,F4X-9,0.5,FVF2184,0,0
26.92,23.85,20.46,17.01,13.9,11.32,9.29,7.97,6.86,6.14,5.78,5.62,5.69,5.97,6.78,8.48,11.78,18.47,29.72,45.5,65.4,82.39,91.21,96.33,98.12,97.37,96.73,94.97,93.33,92.29,92.45,57.18,62.97,27.54,68.73,23.63,F4X-9,1.5,FVF2184,0,0
17.07,14.43,11.88,9.46,7.4,5.86,4.75,4.08,3.62,3.29,3.11,3.06,3.13,3.29,3.75,4.65,6.63,11.06,19.35,31.98,49.22,66.46,78.07,86.55,90.89,91.78,92.78,91.76,90.96,90.19,90.78,50.24,63.97,33.89,72.4,27.91,F4X-9,3,FVF2184,0,0
46.5,44.52,42.93,41.86,41.3,41.44,42.16,43.44,45.34,47.31,49.45,52.11,55.27,58.8,62.98,67.7,72.1,76.05,79.51,82.15,84.11,85.56,86.4,86.94,87.35,87.85,88.23,88.54,89.12,89.01,89.11,85.69,10.49,24.49,26.64,66.81,228-9,0.06,FVF2184,0,0
19.87,17.57,16.18,15.28,14.92,15.03,15.51,16.41,17.82,19.3,20.98,23.13,25.77,29.05,33.03,37.97,43.39,49.41,55.76,61.89,67.84,73.16,77.11,80.27,82.55,84.38,85.83,86.66,87.95,88.12,88.48,71.23,26.11,41.59,49.11,57.88,228-9,0.5,FVF2184,0,0
8.94,7.35,6.56,6.09,5.93,5.97,6.23,6.72,7.48,8.38,9.4,10.81,12.65,15.14,18.28,22.3,26.94,32.34,38.37,44.61,51.27,57.96,63.75,68.84,73.1,76.67,79.72,82,84.12,84.64,85.53,60.05,34.7,50.4,61.19,55.46,228-9,1.5,FVF2184,0,0
5.11,4.18,3.82,3.6,3.48,3.5,3.64,3.87,4.23,4.72,5.32,6.16,7.39,9.16,11.56,14.82,18.81,23.62,29.18,35.11,41.67,48.77,55.43,62,68.09,73.34,77.63,80.72,83.73,84.65,85.67,53.32,39.94,52.16,65.69,52.56,228-9,3,FVF2184,0,0
66.4,67.4,65.99,62.89,59.18,55.54,52.11,49.59,47.02,44.76,43.02,41.89,41.72,41.87,43.22,46.2,50.92,57.97,66.28,73.79,79.33,82.55,84.09,84.95,85.61,86.4,87.12,87.64,88.43,88.42,88.63,79.56,25.71,0.57,25.71,1.26,244-4,0.06,FVF2184,0,0
48.42,45.75,41.49,36.69,32.21,28.35,25.07,22.81,20.72,18.99,17.67,16.82,16.68,16.89,17.86,19.99,23.72,30.07,39.05,49.9,61.89,72.42,78.81,82.26,83.96,85.24,86.3,87.06,88.01,88.14,88.42,63.98,45,5.64,45.36,7.14,244-4,0.5,FVF2184,0,0
31.49,28.26,24.33,20.31,16.81,13.94,11.63,10.14,8.84,7.82,7.07,6.65,6.55,6.69,7.24,8.37,10.65,15.09,22.13,31.55,43.47,56.73,67.59,75.26,79.58,82.33,84.14,85.33,86.58,86.74,87.2,51.99,54.88,11.8,56.13,12.14,244-4,1.5,FVF2184,0,0
24.32,21.15,17.74,14.32,11.48,9.27,7.57,6.53,5.65,5.02,4.59,4.34,4.25,4.35,4.72,5.33,6.82,10.02,15.69,23.81,34.4,46.33,56.53,64.34,69.46,73.05,75.97,78.29,80.88,81.84,83.32,46.08,55.04,14.22,56.85,14.49,244-4,3,FVF2184,0,0
51.85,51.07,49.42,47.58,46,45.26,45.42,46.09,47.6,48.28,48.38,48.33,48.23,47.84,47.13,46.23,45.17,44.15,43.39,42.89,42.73,42.76,43.09,44.23,46.49,49.57,53.36,57.2,63.49,66.84,71.99,73.47,-2.49,-0.83,2.63,198.52,F0G-6,0.06,FVF2184,0,0
24.11,22.31,20.64,18.98,17.78,17.2,17.2,17.57,18.49,18.78,18.71,18.28,17.82,17.32,16.46,15.41,14.45,13.6,13.03,12.7,12.59,12.6,12.82,13.63,15.18,17.43,20.44,23.6,29.16,32.68,38.47,46.42,-4.24,-5.6,7.02,232.84,F0G-6,0.5,FVF2184,0,0
12.04,10.69,9.52,8.43,7.68,7.37,7.34,7.54,7.98,8.19,8.11,7.84,7.55,7.24,6.76,6.17,5.65,5.25,4.97,4.82,4.76,4.78,4.91,5.28,6.08,7.34,9.23,11.36,15.62,18.63,23.59,30.28,-3.66,-6.04,7.07,238.77,F0G-6,1.5,FVF2184,0,0
6.83,5.87,5.18,4.57,4.17,3.98,3.96,4.06,4.22,4.33,4.26,4.12,3.94,3.78,3.54,3.32,3.07,2.89,2.77,2.71,2.71,2.71,2.79,2.95,3.31,3.85,4.84,6.04,8.96,11.26,15.19,21.65,-1.92,-4.98,5.33,248.93,F0G-6,3,FVF2184,0,0
61.42,62.7,63.04,63.01,62.7,62.44,62.11,61.59,60.36,58.71,56.94,54.93,52.91,50.63,48.63,46.75,44.92,43.26,41.83,40.7,39.92,39.61,39.6,39.92,41.23,43.39,46.58,50.38,58.29,63.34,70.94,74.74,-4.05,-14,14.57,253.87,F6S,0.06,FVF2184,0,0
33.65,33.04,32.48,31.98,31.48,31.01,30.24,29.33,27.81,26.05,24.33,22.47,20.68,18.96,17.36,15.85,14.53,13.34,12.38,11.67,11.24,10.94,10.91,11.11,11.85,13.17,15.25,17.79,23.8,28.39,36.18,48.43,-3.89,-23.3,23.62,260.53,F6S,0.5,FVF2184,0,0
19.87,19.03,18.51,18.05,17.68,17.27,16.7,15.95,14.75,13.46,12.16,10.8,9.56,8.48,7.51,6.61,5.89,5.28,4.82,4.52,4.32,4.18,4.18,4.3,4.64,5.15,6.14,7.42,11.29,14.81,20.99,33.31,-1.64,-25.29,25.34,266.28,F6S,1.5,FVF2184,0,0
12.93,12.14,11.67,11.25,10.95,10.59,10.17,9.65,8.79,7.88,7.01,6.13,5.38,4.74,4.23,3.79,3.43,3.16,2.96,2.85,2.78,2.74,2.75,2.79,2.9,3.14,3.49,4.07,6.24,8.67,13.39,25.32,1.03,-22.47,22.5,272.62,F6S,3,FVF2184,0,0
52.94,53.56,53.4,52.5,50.85,48.82,46.45,44.4,41.87,39.51,37.46,35.67,34.36,33.44,33.2,33.43,34.45,36.56,39.93,44.42,50.47,57.97,65.5,72.63,78.19,82.31,84.88,86.37,87.76,87.91,88.27,70.39,23.33,-7.46,24.5,342.28,F4I,0.06,FVF2184,0,0
31.67,30.52,29.09,27.18,24.95,22.57,20.1,18.13,16,14.13,12.64,11.36,10.48,10.01,9.85,9.97,10.56,11.93,14.24,17.58,22.33,28.72,36.07,44.86,54.47,63.76,71.87,77.83,82.82,84.24,85.74,47.47,36.69,-11.46,38.44,342.65,F4I,0.5,FVF2184,0,0
19.85,18.6,17.3,15.67,13.88,12,10.15,8.72,7.29,6.15,5.27,4.6,4.17,3.95,3.87,3.96,4.3,4.85,6.12,8.19,11.55,16.6,22.79,30.48,39.23,48.43,57.51,65.41,73.54,76.21,79.47,34.67,40.81,-10.74,42.2,345.25,F4I,1.5,FVF2184,0,0
13.33,12.13,11.06,9.77,8.4,7.04,5.76,4.83,3.96,3.34,2.89,2.6,2.4,2.31,2.3,2.35,2.49,2.76,3.33,4.49,6.64,10.36,15.41,22.14,30.08,38.68,47.6,56.05,65.95,69.85,74.58,27.52,39.29,-7.52,40.01,349.16,F4I,3,FVF2184,0,0
47.85,46.35,44.96,43.92,43.2,43.09,43.39,43.94,44.88,46.09,47.77,49.96,52.57,55.43,58.88,63,67.09,71.2,75.14,78.47,81.23,83.3,84.58,85.44,86,86.65,87.18,87.53,88.25,88.26,88.49,84.1,12.41,20.37,23.86,58.65,F2I,0.06,FVF2184,0,0
20.71,18.61,17.2,16.31,15.85,15.75,15.94,16.32,17.03,17.93,19.26,20.96,23.07,25.59,28.67,32.57,36.94,42.09,47.99,54.16,60.77,67.43,73,77.67,81.11,83.77,85.58,86.66,87.94,88.03,88.29,68.03,28.25,35.21,45.14,51.25,F2I,0.5,FVF2184,0,0
10.78,9.16,8.26,7.69,7.43,7.36,7.48,7.72,8.11,8.74,9.6,10.8,12.34,14.33,16.81,20.01,23.77,28.29,33.64,39.46,46.11,53.42,60.37,67.11,73.09,77.96,81.73,84.34,86.75,87.38,88.11,58.1,35.24,42.19,54.98,50.13,F2I,1.5,FVF2184,0,0
5.51,4.58,4.12,3.89,3.73,3.69,3.75,3.86,4.03,4.35,4.81,5.44,6.34,7.61,9.34,11.66,14.6,18.38,22.99,28.21,34.32,41.32,48.41,55.87,63.22,69.89,75.51,79.8,83.97,85.37,86.85,49.32,40.24,44.64,60.1,47.97,F2I,3,FVF2184,0,0
64.21,67.22,69.11,70.37,70.82,70.88,70.42,69.62,68.2,65.94,63.11,59.69,56.09,51.86,48.2,45.15,42.49,39.8,37.52,36.09,35.67,35.45,35.14,35.03,35.66,38.15,42.91,48.81,58.67,63.82,71.25,74.54,-7.12,-21.11,22.27,251.37,264-1,0.06,FVF2184,0,0
39.52,40.68,41.64,42.44,42.63,42.38,41.19,39.84,37.88,35.25,32.26,28.98,25.75,22.37,19.5,17.14,15.23,13.4,11.91,11.08,10.88,10.67,10.5,10.45,10.81,12.34,15.53,19.71,27.67,32.69,40.56,51.6,-6.22,-31.74,32.35,258.91,264-1,0.5,FVF2184,0,0
25.69,26.17,26.78,27.33,27.51,27.24,26.12,24.9,23.19,20.97,18.51,15.8,13.29,10.86,8.9,7.4,6.29,5.32,4.63,4.33,4.18,4.1,4.05,4.05,4.22,4.86,6.45,8.74,14.48,18.61,25.18,37.48,-2.93,-35.19,35.32,265.23,264-1,1.5,FVF2184,0,0
17.47,17.85,18.31,18.75,18.92,18.69,17.71,16.63,15.16,13.33,11.34,9.3,7.49,5.92,4.79,3.98,3.44,3.04,2.78,2.67,2.63,2.61,2.61,2.62,2.71,3.02,3.55,4.58,8.12,11.24,16.44,29.03,1.89,-34.23,34.28,273.16,264-1,3,FVF2184,0,0
44.75,43.65,42.64,42.01,41.67,41.75,42.4,43.64,45.26,47.05,49.44,52.36,55.82,59.56,64,68.99,73.49,77.36,80.81,83.35,85.24,86.54,87.32,87.79,88.07,88.42,88.65,88.81,89.28,89.1,89.17,86.13,10.48,25.07,27.17,67.32,228-1,0.06,FVF2184,0,0
17.92,16.38,15.41,14.84,14.65,14.69,15.08,15.85,16.96,18.27,20.02,22.26,25.05,28.46,32.6,37.78,43.45,49.73,56.42,62.84,69.04,74.5,78.57,81.7,83.78,85.51,86.66,87.45,88.31,88.32,88.53,71.26,27.31,42.82,50.79,57.47,228-1,0.5,FVF2184,0,0
7.74,6.65,6.16,5.87,5.73,5.76,5.97,6.37,6.95,7.71,8.78,10.22,12.14,14.71,17.97,22.12,26.93,32.53,38.85,45.44,52.54,59.89,66.44,72.23,76.79,80.48,83.1,84.93,86.55,86.97,87.41,60.29,36.58,52.12,63.68,54.94,228-1,1.5,FVF2184,0,0
4.43,3.86,3.65,3.52,3.43,3.44,3.54,3.72,3.97,4.35,4.92,5.75,6.96,8.74,11.17,14.49,18.55,23.49,29.2,35.31,42.08,49.46,56.48,63.32,69.5,74.62,78.76,81.78,84.62,85.48,86.4,53.25,41.16,52.82,66.96,52.07,228-1,3,FVF2184,0,0
39.11,36.87,34.61,33.3,32.86,33.04,37.66,45.34,56.93,69.47,78.48,83.28,85.5,86.68,87.34,87.86,88.2,88.3,88.48,88.49,88.61,88.58,88.56,88.57,88.61,88.8,88.97,89.03,89.49,89.33,89.39,93.15,-9.17,40.49,41.52,102.76,227-1,0.06,FVF2184,0,0
12.84,10.99,9.7,9.08,8.86,9.1,11.61,16.5,25.65,38.35,51.95,63.01,70.24,74.89,77.95,80.07,81.46,82.17,82.79,83.09,83.48,83.72,83.96,84.35,84.9,85.77,86.61,87.3,88.25,88.32,88.61,87.89,-6.02,73.97,74.22,94.65,227-1,0.5,FVF2184,0,0
5.77,4.76,4.21,3.96,3.87,3.99,5.1,7.72,13.96,24.14,36.48,47.92,56.75,63.72,69.2,73.57,76.71,78.92,80.7,81.92,82.86,83.63,84.09,84.57,85.1,85.77,86.36,86.77,87.48,87.52,87.82,84.55,1.53,88.77,88.79,89.01,227-1,1.5,FVF2184,0,0
3.49,2.98,2.82,2.71,2.66,2.74,3.11,4.34,8.14,15.82,26.41,36.92,45.54,52.81,59.01,64.49,68.68,71.85,74.33,76.13,77.54,78.74,79.56,80.48,81.38,82.58,83.73,84.47,85.85,86.14,86.64,80.39,7.31,92.48,92.77,85.48,227-1,3,FVF2184,0,0
53.53,50.72,45.66,42.63,41.56,39.08,44.96,57.58,69.87,76.51,80.36,82.85,84.5,85.69,86.38,86.94,87.35,87.52,87.73,87.78,87.94,87.95,87.93,87.95,87.96,88.12,88.31,88.41,88.85,88.68,88.75,93.34,-7.83,30.82,31.8,104.25,122,0.06,FVF2184,0,0
25.3,21.4,17.16,14.96,14.29,12.74,17.03,27.46,41.03,51.18,59.02,65.46,70.66,74.62,77.55,79.66,81.09,81.88,82.43,82.58,82.8,82.88,82.97,83.16,83.58,84.33,85.24,85.98,87.32,87.64,88.05,88.5,-7.09,60.24,60.65,96.71,122,0.5,FVF2184,0,0
13.48,10.59,7.84,6.55,6.17,5.42,8.01,15.26,26.61,36.07,44.13,51.6,58.63,65.09,70.77,75.42,78.89,81.51,83.48,84.6,85.3,85.79,86.08,86.29,86.48,86.87,87.22,87.55,88.16,88.11,88.29,86.12,0.09,77.81,77.81,89.94,122,1.5,FVF2184,0,0
8.05,6.03,4.49,3.85,3.56,3.32,4.7,9.41,18.5,26.83,34.22,41.37,48.39,55.44,62.28,68.49,73.28,77.01,79.97,81.79,83,83.79,84.28,84.64,84.96,85.56,86.19,86.62,87.36,87.4,87.67,82.96,5.77,85.11,85.31,86.12,122,3,FVF2184,0,0
70.01,73.44,74.09,72.94,70.78,67.49,64.77,62.5,58.66,55.66,54.27,51.78,49.59,49.98,52.17,52.61,52.32,57.81,68.99,80.27,87.58,90.43,90.95,91.03,90.73,90.5,90.42,90.08,90.12,89.84,89.83,83.24,23.48,-3.59,23.75,351.3,142,0.06,FVF2184,0,0
54.03,55.84,53.8,49.44,44.33,38.93,34.56,31.34,27.35,24.64,23.39,21.36,19.64,20.1,21.76,21.97,21.73,26.43,37.46,53.01,69.87,81.29,85.89,88.15,88.69,88.91,89.03,89.14,88.99,88.83,89.29,66.46,46.65,-3.94,46.82,355.17,142,0.5,FVF2184,0,0
43.78,44.81,41.86,36.8,31.51,26.32,22.36,19.52,16.18,14.05,13.03,11.51,10.26,10.63,11.82,11.93,11.76,15.4,24.59,38.88,57.21,73.64,82.83,87.74,89.31,89.33,89.35,89.32,89,88.56,88.99,58.01,57.06,-1.47,57.08,358.52,142,1.5,FVF2184,0,0
33.31,34.03,31.04,26.33,21.61,17.14,13.82,11.58,9.1,7.61,6.96,6,5.36,5.56,6.16,6.23,6.3,8.56,15.5,27.64,44.5,62.01,74.21,81.98,85.2,85.72,86.44,86.3,86.01,85.68,86.38,50.55,62.46,2.04,62.49,1.87,142,3,FVF2184,0,0
68.68,72.34,73.8,74.27,74.12,73.84,73.68,73.43,72.64,70.93,68.51,65.47,62.39,58.48,55.08,52.32,49.98,47.3,44.71,43.01,42.75,42.75,42.35,41.45,41.86,44.69,51.22,60.21,73.37,78.12,83.99,78.55,-6.81,-17.32,18.61,248.53,162,0.06,FVF2184,0,0
53.93,56.91,57.57,56.75,55.16,53.31,51.08,49.15,46.92,43.79,40.03,36.24,32.77,28.9,25.57,23.11,21.23,18.94,16.78,15.59,15.53,15.39,14.93,14.1,14.3,16.38,21.44,28.54,42.37,50.54,62.66,58.05,-4.5,-33.3,33.6,262.3,162,0.5,FVF2184,0,0
39.78,41.97,42.15,40.93,39.09,37.13,34.83,32.94,30.83,28.02,24.77,21.53,18.65,15.62,13.08,11.27,9.94,8.46,7.14,6.55,6.46,6.39,6.13,5.76,5.9,7.01,10.12,14.94,26.11,33.41,44.66,44.28,-1.43,-38.57,38.6,267.88,162,1.5,FVF2184,0,0
30.62,32.42,32.35,31.04,29.27,27.39,25.22,23.44,21.54,19.08,16.26,13.59,11.3,9.06,7.27,6.09,5.29,4.43,3.77,3.52,3.45,3.41,3.31,3.21,3.24,3.77,5.43,8.22,16.88,23.2,33.11,35.09,3.22,-40.51,40.64,274.55,162,3,FVF2184,0,0
68.11,72.12,74.94,76.56,77.52,78.23,78.79,79.08,79.13,78.53,77.45,75.81,73.71,71.06,68.2,65.15,61.8,58.27,55.13,52.58,50.26,47.79,45.99,45.59,46.76,48.8,51.01,52.57,53.54,54.01,56.67,83.9,-11.7,-11.61,16.48,224.76,F6C-6,0.06,FVF2184,0,0
54.43,60.31,66.5,71.5,74.99,77.79,79.28,79.33,78.18,75.71,72.04,67.01,61.17,54.78,48.98,43.48,38.19,33.5,29.79,27.05,24.61,22.06,20.19,19.67,20.46,22.06,23.85,25.08,25.89,26.42,28.72,73.19,-20.67,-28.14,34.92,233.7,F6C-6,0.5,FVF2184,0,0
39.96,45.74,52.65,59.25,64.61,69.5,71.99,71.63,68.57,63.75,57.93,51.4,44.81,38.4,32.99,28.02,23.45,19.5,16.47,14.32,12.49,10.64,9.34,8.94,9.32,10.18,11.26,11.98,12.58,13.06,14.74,63.04,-21.07,-37.29,42.83,240.53,F6C-6,1.5,FVF2184,0,0
31.99,36.54,42.05,47.11,51.41,56.11,57.89,56.49,51.93,46.6,41.53,36.52,31.93,27.44,23.39,19.58,16.24,13.45,11.17,9.4,7.93,6.7,5.87,5.45,5.32,5.33,5.38,5.37,5.4,5.56,6.28,54.63,-16.78,-38.77,42.25,246.59,F6C-6,3,FVF2184,0,0
56.01,55.94,55.03,52.88,50.02,46.85,43.72,41.19,38.62,36.44,34.71,33.44,32.83,32.81,33.4,35.4,38.65,43.66,50.14,57.53,65.76,73.41,78.69,82.27,84.39,85.72,86.71,87.19,87.94,87.92,88.15,73.13,29.65,-1.05,29.66,357.98,F4U-7,0.06,FVF2184,0,0
27.9,26.46,24.77,22.41,19.83,17.22,14.82,13.03,11.34,9.99,9,8.28,7.98,7.97,8.26,9.28,11.15,14.36,19.07,25.15,33.01,42.61,52.32,62.17,70.52,76.64,80.9,83.38,85.55,85.86,86.57,49.91,47.39,2.47,47.46,2.99,F4U-7,0.5,FVF2184,0,0
15.8,14.45,13.1,11.33,9.51,7.81,6.39,5.41,4.58,4.01,3.6,3.36,3.22,3.24,3.42,3.73,4.51,6.1,8.95,13.29,19.6,27.8,36.64,46.43,56.27,64.92,71.92,76.79,80.85,81.93,83.43,38.44,50.12,7.6,50.7,8.62,F4U-7,1.5,FVF2184,0,0
9.44,8.42,7.44,6.22,5.12,4.19,3.47,3.03,2.76,2.53,2.38,2.3,2.28,2.29,2.37,2.5,2.83,3.35,4.78,7.48,12.16,19,26.92,36.05,45.71,55.04,63.48,70.34,76.15,78.01,80.31,32.07,46.76,12,48.27,14.4,F4U-7,3,FVF2184,0,0
66.88,70.51,73.11,74.3,74.59,74.52,73.78,72.49,70.46,68.07,65.12,61.9,58.67,55.45,52.45,49.6,46.83,44.32,42.17,40.46,39.11,37.92,37.37,37.82,40.08,43.6,48.13,52.33,56.49,57.8,61.18,76.76,-6.43,-20.1,21.1,252.27,F6B-7,0.06,FVF2184,0,0
44.5,47.13,49.43,50.35,50.1,48.95,46.7,44.09,40.59,37.08,33.61,30.19,27.01,24.16,21.61,19.23,17.1,15.24,13.78,12.7,11.85,11.11,10.8,11.04,12.35,14.63,17.82,21.07,24.5,25.92,28.94,53.6,-3.52,-35.08,35.26,264.28,F6B-7,0.5,FVF2184,0,0
29.13,31.24,33.08,33.79,33.56,32.47,30.43,28.17,25.18,22.21,19.37,16.57,14.11,12.01,10.23,8.63,7.33,6.25,5.47,4.95,4.6,4.27,4.17,4.23,4.83,5.91,7.67,9.7,12.17,13.36,15.65,39.38,0.27,-39.14,39.14,270.39,F6B-7,1.5,FVF2184,0,0
21.68,23.3,24.97,25.57,25.38,24.42,22.57,20.52,17.85,15.27,12.87,10.61,8.7,7.2,5.99,4.99,4.23,3.64,3.26,3.03,2.87,2.74,2.71,2.77,2.98,3.47,4.42,5.57,7.32,8.22,9.99,31.71,-4.83,-39.65,39.94,276.94,F6B-7,3,FVF2184,0,0
67.91,69.6,70.12,68.73,66.36,63.52,60.36,57.49,54.29,51.55,49.2,47.3,46.09,45.56,45.9,47.11,49.6,54.82,63.3,74.24,86.16,92.62,93.44,93.9,93.52,92.47,92.03,90.22,89.18,88.31,88.73,81.3,26.86,-3.09,27.04,353.45,F4A-3,0.06,FVF2184,0,0
49.56,47.78,45.06,41.19,37.02,32.97,29.2,26.3,23.44,21.21,19.51,18.27,17.56,17.49,17.71,18.8,21.05,25.82,34.15,46.9,65.81,84.76,95.64,102.06,104.21,102.41,102.14,98.88,96.05,94.24,94.33,65.17,51.38,1.96,51.42,2.19,F4A-3,0.5,FVF2184,0,0
33.57,31.2,28.31,24.85,21.42,18.24,15.44,13.4,11.54,10.15,9.16,8.5,8.24,8.24,8.59,9.27,10.9,14.41,20.84,31.34,48.32,68.4,83.95,96.28,102.13,102.23,102.98,99.77,96.8,94.79,95.12,55.24,59.71,8.91,60.38,8.49,F4A-3,1.5,FVF2184,0,0
26.1,23.64,20.95,17.89,14.97,12.36,10.16,8.66,7.36,6.45,5.84,5.46,5.31,5.36,5.59,6.15,7.38,10.1,15.32,24.34,39.83,59.64,77.1,93.07,102.1,103.63,105.01,101.85,98.5,96.39,97,50.55,62.83,14.04,64.37,12.6,F4A-3,3,FVF2184,0,0
48.13,43.87,39.94,36.6,34.44,34.33,37.16,44.38,61.06,74.41,75.07,68.85,65.53,63.79,60.35,60.94,72.43,95.1,114.92,119.72,121.11,119.98,114.54,110.57,105.95,100.68,99.16,96.79,95.2,93.66,93.71,92.63,14.42,37.96,40.61,69.19,224-3,0.06,FVF2184,0,0
20.27,16.31,13.47,11.37,10.13,10.09,11.03,14.54,24.57,34.85,35.7,31.04,29.27,28.64,26.92,28.79,40.92,68.01,103.95,134.86,155.17,158.72,150.43,144.21,134.07,120.65,115.83,109.05,104.3,100.93,101.3,84.25,49.26,68.74,84.57,54.37,224-3,0.5,FVF2184,0,0
9.95,7.36,5.82,4.8,4.19,4.13,4.37,5.54,9.81,15.66,16.65,14.1,13.41,13.54,12.92,14.59,24.29,48.66,83.58,120.63,155.49,169.62,165.65,162.14,150.97,133.28,125.79,115.61,108.65,102.97,104.48,77.87,67.64,84.12,107.94,51.2,224-3,1.5,FVF2184,0,0
5.85,4.24,3.51,3.06,2.83,2.77,2.88,3.25,5.06,8.28,9.12,7.63,7.3,7.53,7.59,8.48,15.34,35.1,66.65,102.06,140.69,162.64,164.66,165.14,156.15,138.26,130.37,118.94,111.29,105.23,107.24,72.82,75.12,87.41,115.25,49.32,224-3,3,FVF2184,0,0
69.55,73.61,76.06,76.53,76.14,74.76,72.56,69.66,65.5,61.73,57.16,51.94,48.68,47.97,46.72,46.33,52.62,71.79,99.03,118.37,124.53,121.29,116.05,113.88,109.78,103.36,100.45,96.56,94.63,93.24,93.45,88.21,35.54,0.12,35.54,0.19,243-7,0.06,FVF2184,0,0
55.88,62.33,65.91,64.55,60.2,54.33,48,42,35.72,31.21,26.83,22.29,19.69,19.16,18.31,17.93,22.93,40.76,72.62,112.33,149.04,156.65,151.99,150.26,142.58,127.43,119.89,109.7,103.76,99.63,100.85,79.19,69.11,3.6,69.2,2.98,243-7,0.5,FVF2184,0,0
44.39,51.81,55.7,53.12,47.31,40.56,34.09,28.47,22.9,19.05,15.53,12,10.1,9.71,9.15,8.83,12.17,26.11,54.29,92.67,137.69,161.04,161.85,164.6,157.93,139.89,130.37,117.23,108.99,103.83,105.58,73.38,80.81,8.05,81.21,5.69,243-7,1.5,FVF2184,0,0
37.41,43.57,46.74,44.58,39.74,34,28.39,23.41,18.45,15.07,11.98,9.01,7.47,7.17,6.78,6.54,9.23,21.01,45.96,79.3,114.85,129.82,128.34,130.03,125.43,112.76,108.01,100.68,98.97,96.91,101.68,67.37,76.33,6.3,76.59,4.72,243-7,3,FVF2184,0,0
72.68,76.32,78.7,79.74,80,79.73,78.84,77.2,74.79,72.42,68.9,64.61,61.8,61.1,59.82,59.29,64.62,79.58,96.77,104.05,105.57,104.68,102.35,101.4,99.37,96.15,94.92,92.97,92.38,91.48,91.61,90.31,21.37,-0.82,21.38,357.79,247-1,0.06,FVF2184,0,0
57.35,60.32,62.04,62.75,61.74,59.08,55.42,51.2,46.04,41.74,37.1,32.25,29.36,28.75,27.56,27.04,32.14,48.87,74.55,97.56,113.45,120.35,120.84,121.64,117.47,108.89,105.07,99.64,96.87,95.08,95.4,79.37,50.54,-0.58,50.55,359.35,247-1,0.5,FVF2184,0,0
46.04,49.42,51.21,51.76,49.98,45.99,41.15,36.29,30.99,26.8,22.72,18.55,16.17,15.67,14.7,14.05,17.55,31.05,53.98,77.11,97.7,113.13,121.89,128.56,125.95,115.68,110.58,103.01,98.25,95.79,96.37,71.06,63.38,-0.96,63.39,359.13,247-1,1.5,FVF2184,0,0
39.38,42.6,44.19,44.44,42.38,38.24,33.46,28.83,23.86,20.08,16.47,12.82,10.81,10.34,9.61,9.15,11.06,21.04,39.97,60.48,79.71,96.88,110.2,121.75,122.55,114.37,110.29,103.02,98.44,95.95,96.67,64.77,66.98,-2.6,67.03,357.77,247-1,3,FVF2184,0,0
62.77,65.12,66.67,68.78,68.68,66.33,62.46,57.99,53.91,50.97,46.53,42.42,41.8,42.48,42.17,44.44,55.28,77.16,101.33,114.17,122.35,124.98,121.77,117.98,112.58,105.92,103.68,100.08,97.52,94.9,95.33,86.91,39.56,5.9,40,8.48,241-1,0.06,FVF2184,0,0
38.12,39.06,39.7,41.73,41.05,37.46,32.63,27.91,24.03,21.51,18,14.9,14.42,15.05,14.68,16.11,24.72,47.07,80.19,114.72,144.23,155.58,151.59,147.74,138.56,124.8,119.71,112.28,106.74,101.94,103.35,77.74,69.42,21.36,72.64,17.1,241-1,0.5,FVF2184,0,0
25.38,26.57,27.18,27.6,26.32,23.02,18.96,15.18,12.21,10.41,8.17,6.33,6.19,6.27,6.36,6.88,11.8,27.97,56.99,91.7,128.85,149.29,151.27,151.65,143.87,128.85,123.03,113.96,107.88,103.9,105.05,70.31,78.83,29.8,84.27,20.71,241-1,1.5,FVF2184,0,0
16.35,17.85,18.81,19.84,19.07,16.39,13.02,9.97,7.69,6.39,4.95,3.87,3.76,3.8,3.9,4.26,7.17,17.95,40.39,70.02,103.79,127.22,135.24,140.32,137.27,125.06,120.74,112.35,106.65,101.74,104.72,64.05,79.17,32.48,85.57,22.31,241-1,3,FVF2184,0,0
50.26,49.41,48.01,46.01,44.14,42.96,42.48,42.86,43.48,43.98,44.26,44.51,44.88,44.84,44.45,43.33,41.98,40.74,39.78,39.13,38.94,38.94,39.23,40.35,42.59,45.61,49.39,53.32,59.75,63.18,68.7,71.19,-2.39,-1.9,3.05,218.46,C0B,0.06,FVF2184,0,0
22.5,20.87,19.38,17.63,16.25,15.38,15.03,15.16,15.49,15.81,15.93,15.98,16.05,16.04,15.5,14.52,13.5,12.63,12,11.67,11.5,11.47,11.65,12.42,13.88,16.01,18.85,21.91,27.28,30.7,36.43,44.48,-3.47,-4.75,5.88,233.84,C0B,0.5,FVF2184,0,0
11.18,10,9,7.88,7.05,6.58,6.37,6.37,6.52,6.67,6.71,6.73,6.75,6.69,6.36,5.88,5.34,4.93,4.63,4.48,4.42,4.42,4.57,4.91,5.57,6.69,8.42,10.39,14.43,17.29,22.1,28.82,-2.56,-5.26,5.85,244.06,C0B,1.5,FVF2184,0,0
5.75,5.03,4.48,3.92,3.55,3.32,3.22,3.21,3.25,3.29,3.28,3.25,3.23,3.19,3.07,2.91,2.72,2.57,2.48,2.43,2.42,2.42,2.48,2.59,2.82,3.23,3.92,4.84,7.28,9.27,12.81,19.64,-0.73,-4.13,4.2,259.99,C0B,3,FVF2184,0,0
47.23,47.44,46.03,42.41,38.53,35.44,33.26,32.12,32.11,32.73,34.57,37.94,44.39,55.09,68.19,78.49,83.12,84.39,84.83,84.95,85.28,85.7,85.97,86.22,86.51,86.92,87.38,87.72,88.33,88.26,88.4,85.65,14.04,31.8,34.76,66.18,F24-3,0.06,FVF2184,0,0
19.1,18.57,17.15,14.39,11.8,9.92,8.67,8.06,8.05,8.38,9.36,11.36,15.68,24.22,37.69,54.96,69.57,76.84,80,81.17,82.01,82.59,82.86,83.17,83.56,84.12,84.75,85.18,86.14,86.2,86.56,76.04,30.3,62.84,69.77,64.16,F24-3,0.5,FVF2184,0,0
8.68,8.23,7.34,5.78,4.53,3.75,3.36,3.16,3.13,3.25,3.64,4.3,6.45,11.98,22.78,38.63,55.49,67.85,74.44,77.42,79.34,80.74,81.54,82.27,82.92,83.63,84.3,84.82,85.77,85.82,86.22,70.53,39.74,78.73,88.19,63.22,F24-3,1.5,FVF2184,0,0
5,4.62,4.13,3.37,2.8,2.53,2.39,2.32,2.31,2.34,2.44,2.77,3.6,6.79,14.9,28.53,44.55,58.58,67.61,72.11,74.73,76.52,77.55,78.52,79.37,80.28,81.29,82.04,83.45,83.68,84.32,66.43,44.21,81.29,92.54,61.46,F24-3,3,FVF2184,0,0
67.42,70.81,72.65,72.46,70.79,68.26,64.78,61.29,57.42,53.57,49.52,46.35,44.54,42.07,39.39,38.68,40.23,40.93,40.32,40.67,46.39,58.28,71.01,80.57,85.38,87.58,88.85,89.07,89.1,88.72,89.06,74.53,19.87,-18.09,26.87,317.69,F51-5,0.06,FVF2184,0,0
50.33,54.04,55.63,53.71,49.56,44.52,39.07,34.51,30.17,26.31,22.67,20,18.51,16.72,14.73,14.32,15.26,15.73,15.31,15.62,20.08,30.49,44.93,61.73,74.62,81.39,84.96,85.06,84.5,83.89,84.66,54.71,36.47,-28.82,46.49,321.68,F51-5,0.5,FVF2184,0,0
35.1,38.44,39.73,37.44,33.19,28.42,23.56,19.66,16.16,13.23,10.64,8.82,7.89,6.86,5.84,5.73,6.08,6.3,6.12,6.26,8.9,16.31,28.24,43.98,58.73,68.51,74.32,75.97,75.51,74.66,76.17,40.8,45.06,-31.9,55.21,324.7,F51-5,1.5,FVF2184,0,0
25.67,28.6,29.62,27.38,23.53,19.33,15.19,12.01,9.35,7.29,5.63,4.57,4.05,3.56,3.16,3.11,3.24,3.28,3.29,3.4,4.68,9.41,18.78,32.59,46.43,56.47,63.02,65.62,65.36,64.62,66.27,32.46,47.27,-30.82,56.43,326.9,F51-5,3,FVF2184,0,0
59.69,62.2,64.11,64.49,63.42,61.53,58.74,55.84,52.65,49.47,46.01,43.39,41.84,39.74,37.49,37.11,38.21,38.75,38.17,38.47,43.51,54.22,66.32,76.19,81.39,83.83,85.46,85.58,85.89,85.84,86.75,72.69,18.58,-15.33,24.09,320.46,F51-5,0.06,FVF2666,0,0
44.85,47.44,48.78,47.53,44.44,40.67,36.42,32.78,29.21,25.96,22.8,20.42,19.07,17.41,15.58,15.2,16.05,16.49,16.09,16.38,20.44,29.53,41.76,56.06,67.6,74.36,78.51,79.46,79.35,79.09,80.61,54.6,31.5,-24.59,40,322.11,F51-5,0.5,FVF2666,0,0
33.76,36.56,37.54,35.67,32.12,28.05,23.78,20.3,17.05,14.26,11.71,9.87,8.92,7.81,6.68,6.57,6.96,7.21,7.02,7.16,9.98,17.28,28.08,41.64,54.19,62.75,68.13,69.83,69.39,68.57,70.25,41.76,40.58,-29.59,50.22,323.9,F51-5,1.5,FVF2666,0,0
25.58,28.15,29.05,27.09,23.69,19.92,16.08,13.04,10.39,8.28,6.44,5.24,4.64,4.02,3.46,3.38,3.56,3.63,3.63,3.77,5.36,10.48,19.45,31.44,42.88,51.15,56.79,58.91,58.73,58.02,59.69,33.19,44.18,-30.49,53.68,325.39,F51-5,3,FVF2666,0,0
41.9,41.91,40.76,37.75,34.45,31.72,29.79,28.79,28.75,29.26,30.86,33.83,39.45,48.79,60.85,71.63,77.28,79.36,80.43,80.82,81.25,81.51,81.64,81.82,82.11,82.57,83.08,83.43,84.12,84.23,84.72,83.04,15.59,32.6,36.14,64.45,F24-3,0.06,FVF2666,0,0
17.81,17.24,16.01,13.58,11.27,9.52,8.37,7.78,7.75,8.03,8.94,10.73,14.49,21.84,33.35,48.21,61.42,69.01,72.72,74.62,76.06,77.22,77.93,78.6,79.32,80.2,81.08,81.75,83.03,83.21,83.82,73.22,31,59.53,67.12,62.49,F24-3,0.5,FVF2666,0,0
7.63,7.17,6.43,5.08,3.96,3.26,2.87,2.68,2.64,2.76,3.1,3.68,5.5,10.1,19.23,32.5,46.3,56.68,62.81,66.17,68.59,70.49,71.81,72.95,74.17,75.46,76.68,77.78,79.68,80.24,81.24,66.11,39.09,74.42,84.06,62.29,F24-3,1.5,FVF2666,0,0
4.58,4.19,3.74,3.03,2.46,2.19,2.04,1.95,1.94,1.98,2.1,2.41,3.21,6.09,13.11,24.67,37.35,47.47,54.48,59.58,64.21,67.86,70.15,71.79,73.19,74.52,75.71,76.63,78.16,78.54,79.47,62.19,43.51,76.67,88.15,60.42,F24-3,3,FVF2666,0,0
41.07,40.08,39.04,37.52,36.12,35.24,34.92,35.13,35.69,36.05,36.27,36.42,36.63,36.55,36.23,35.34,34.29,33.34,32.6,32.13,31.98,32.02,32.29,33.29,35.2,37.83,41.13,44.56,50.41,53.74,59.38,65.56,-1.98,-1.78,2.66,222,C0B,0.06,FVF2666,0,0
19.88,18.5,17.23,15.75,14.54,13.8,13.48,13.6,13.89,14.18,14.32,14.39,14.49,14.45,14.1,13.28,12.41,11.64,11.09,10.79,10.68,10.68,10.98,11.57,12.91,14.82,17.39,20.13,24.83,27.83,32.89,42.66,-2.95,-3.93,4.92,233.08,C0B,0.5,FVF2666,0,0
11.07,9.93,9.01,7.96,7.17,6.68,6.5,6.51,6.67,6.84,6.9,6.94,7,6.99,6.71,6.25,5.71,5.29,4.97,4.82,4.75,4.78,4.92,5.28,6.09,7.24,8.94,10.85,14.53,17.07,21.31,29.61,-2.45,-4.33,4.97,240.49,C0B,1.5,FVF2666,0,0
5.67,4.89,4.35,3.82,3.42,3.18,3.08,3.05,3.1,3.15,3.16,3.16,3.18,3.16,3.05,2.86,2.62,2.44,2.33,2.28,2.26,2.28,2.35,2.49,2.82,3.27,4.09,5.16,7.52,9.43,12.73,19.25,-1.02,-3.96,4.08,255.57,C0B,3,FVF2666,0,0
55.75,57.47,59.08,61.24,61.23,58.68,54.62,50.13,46.04,43.06,38.98,35.04,34.4,35.06,34.66,36.77,46.9,68.82,95.51,114.4,128.18,134.46,130.79,126.59,119.78,111.12,108.1,103.46,99.96,96.81,97.35,84.64,47.11,9.23,48.01,11.09,241-1,0.06,FVF2666,0,0
33.65,34.2,34.89,36.55,36.04,32.92,28.59,24.34,20.8,18.45,15.4,12.61,12.23,12.64,12.35,13.55,21.07,41,70.64,101.62,132.59,149.82,150.84,148.25,139.6,125.58,120.5,112.68,106.74,102.99,103.65,75.01,70.93,22.73,74.48,17.77,241-1,0.5,FVF2666,0,0
20.51,20.99,21.73,23.4,23.32,20.87,17.33,13.97,11.2,9.5,7.46,5.69,5.38,5.5,5.57,5.98,10.27,24.43,49.55,78.1,108.71,129.12,135.51,139.82,135.1,122.48,117.99,109.83,104.31,99.65,102.61,66.67,76.14,28.39,81.26,20.45,241-1,1.5,FVF2666,0,0
13.66,14.69,15.56,16.84,16.57,14.5,11.64,8.99,6.89,5.66,4.33,3.28,3.14,3.14,3.18,3.37,5.57,14,31.79,55.22,81.1,100.07,109.04,116.95,117.03,109.29,107.55,101.88,98.18,94.62,97.67,58.51,74.45,27.68,79.43,20.39,241-1,3,FVF2666,0,0
61.92,64.8,67.27,69.1,69.74,69.78,69.1,67.72,65.31,62.69,59.31,55.24,52.71,51.93,50.77,50.31,55.37,69.97,87.62,97.3,100.69,100.29,98.22,97.87,96.29,93.43,92.7,91.05,90.91,90.14,90.87,86.36,24.84,0.66,24.85,1.53,247-1,0.06,FVF2666,0,0
50.03,52.73,54.77,56.01,55.32,52.98,49.58,45.72,41,37,32.83,28.42,25.81,25.17,24.14,23.74,28.51,43.93,67.39,89.07,106.57,116.97,120.41,122.99,119.31,110.04,105.61,99.14,95.44,93.41,94.09,76.86,52.53,1.23,52.55,1.35,247-1,0.5,FVF2666,0,0
39.58,41.81,43.49,44.25,43.2,40.34,36.59,32.64,28.09,24.45,20.78,17,14.79,14.28,13.41,12.84,16.04,28.31,48.79,68.54,85.85,99.79,109.26,117.44,116.75,108.31,104.14,97.26,93.42,91.34,92.02,68.08,60.51,0.46,60.51,0.43,247-1,1.5,FVF2666,0,0
34.01,36.35,37.63,37.99,36.48,33.11,29.07,25.12,20.81,17.44,14.28,11.11,9.3,8.87,8.27,7.92,9.74,18.98,36.59,55.61,73.1,88.16,100.85,113.39,115.82,108.82,105.3,98.53,94.34,92.24,92.97,62.18,65.81,-0.28,65.81,359.76,247-1,3,FVF2666,0,0
41.68,37.72,34.28,31.39,29.46,29.38,31.63,37.88,52.86,65.54,66.1,59.73,56.49,54.76,51.39,51.93,62.49,84.93,109.18,120.92,126.6,126.67,120.9,116.66,111.27,104.61,102.62,99.29,96.88,94.97,95.19,90.08,22.04,40.95,46.5,61.71,224-3,0.06,FVF2666,0,0
19.07,15.45,12.77,10.81,9.63,9.57,10.4,13.56,22.55,31.81,32.73,28.45,26.58,26.18,24.38,25.94,36.73,60.75,91.78,119.78,142.15,149.76,144.19,139.74,131.55,119.68,116,109.58,104.89,101.4,101.93,81.4,49.73,66.07,82.7,53.03,224-3,0.5,FVF2666,0,0
9.48,7,5.51,4.49,3.88,3.81,4,5.07,8.91,14.14,15.07,12.79,12.08,12.05,11.67,13.07,21.67,43.47,73.81,104.15,135.19,152.97,154.45,154.3,145.72,129.92,123.52,113.89,107.24,103.08,103.96,74.62,66.47,80.65,104.51,50.51,224-3,1.5,FVF2666,0,0
5.6,4.01,3.22,2.71,2.47,2.39,2.49,2.86,4.6,7.63,8.44,7.09,6.72,6.82,6.91,7.58,13.41,30.53,57.29,85.06,115.28,136.1,142.72,147.24,141.91,127.53,121.61,111.77,105.1,101.23,102.67,68.48,71.3,82.41,108.97,49.14,224-3,3,FVF2666,0,0
61.95,65.46,68.13,69.44,69.41,68.44,66.51,63.8,59.86,56.25,52.08,47.32,44.32,43.54,42.42,41.99,47.56,65.03,91.08,112.99,122.76,120.39,115.05,113.01,109.01,102.45,99.53,95.37,93.38,91.98,92.32,85.96,37.61,1.71,37.65,2.6,243-7,0.06,FVF2666,0,0
49.09,54.41,57.51,57.02,53.78,49,43.55,38.34,32.76,28.6,24.67,20.56,18.15,17.59,16.81,16.46,20.95,37.1,65.45,100.25,135.48,148.72,147.03,145.94,139.73,125.61,118.54,108.53,102.57,99.5,100.14,76.78,68.28,5.14,68.48,4.31,243-7,0.5,FVF2666,0,0
37.96,43.98,47.36,45.55,40.88,35.2,29.58,24.66,19.72,16.25,13.16,10.07,8.41,8.03,7.56,7.28,10.11,22.27,47.08,79.99,118.97,143.05,148.77,154.91,150.88,134.79,126.28,113.61,105.8,102.13,103.45,69.75,79.46,8.85,79.95,6.36,243-7,1.5,FVF2666,0,0
32.31,38.03,41.25,39.19,34.56,29.11,23.88,19.37,14.93,11.9,9.32,6.84,5.58,5.32,5.03,4.82,6.85,16.2,37.08,66.32,99.8,120.21,125.21,131.38,129.41,117.46,112.61,103.94,100.23,97.3,101.87,63.98,78.11,7.33,78.46,5.36,243-7,3,FVF2666,0,0
61.33,62.51,62.76,61.62,59.37,56.61,53.52,50.82,47.84,45.28,43.21,41.61,40.65,40.41,40.73,42.26,45.1,50.66,59.21,69.92,81.74,89,90.78,91.97,92.37,92.27,92.22,91.36,90.92,90.3,90.7,78.62,29.17,-1.2,29.2,357.65,F4A-3,0.06,FVF2666,0,0
43.11,41.35,38.87,35.49,31.78,28.11,24.71,22.11,19.59,17.58,16.13,15.08,14.56,14.57,14.89,16.1,18.55,23.62,32.14,44.63,62.2,79.16,89.47,96.51,99.59,99.19,98.88,96.92,94.61,93.24,93.65,62.58,52.55,4.63,52.75,5.04,F4A-3,0.5,FVF2666,0,0
28.94,26.73,24.19,21.16,18.12,15.31,12.84,11.06,9.43,8.26,7.43,6.86,6.68,6.71,7.09,7.77,9.45,13.08,19.59,29.91,46.11,64.95,79.92,92.75,99.69,100.44,101.48,98.54,95.73,93.82,94.26,53.32,60.73,12,61.9,11.18,F4A-3,1.5,FVF2666,0,0
20.57,18.4,16.17,13.64,11.22,9.12,7.37,6.18,5.18,4.51,4.05,3.77,3.68,3.73,3.97,4.46,5.49,7.95,12.76,20.96,34.71,52.13,67.69,82.29,91.86,94.92,97.18,96.25,93.75,92.15,92.83,46.81,62.52,17.04,64.8,15.25,F4A-3,3,FVF2666,0,0
59.11,61.8,64.18,65.73,66.23,66.26,65.67,64.62,62.71,60.33,57.57,54.56,51.63,48.58,45.94,43.39,40.95,38.74,36.87,35.38,34.2,33.19,32.75,33.07,34.99,38.11,42.13,46,49.98,51.37,54.69,72.84,-6.13,-19.84,20.77,252.83,F6B-7,0.06,FVF2666,0,0
39.35,41.13,42.89,43.51,43.2,42.2,40.38,38.31,35.48,32.64,29.75,26.86,24.19,21.76,19.55,17.49,15.63,13.99,12.69,11.72,10.96,10.3,10.09,10.2,11.32,13.32,16.08,18.89,21.82,23.08,25.76,51.17,-3.88,-32.04,32.27,263.1,F6B-7,0.5,FVF2666,0,0
26.38,27.75,29.21,29.7,29.45,28.56,26.86,24.98,22.43,19.91,17.45,15.03,12.88,11.03,9.44,8.02,6.85,5.87,5.15,4.67,4.32,4.03,3.93,3.99,4.53,5.48,7.02,8.77,10.84,11.85,13.9,37.73,-0.45,-36.5,36.5,269.3,F6B-7,1.5,FVF2666,0,0
20.25,21.47,22.86,23.31,23.09,22.21,20.53,18.69,16.31,13.99,11.85,9.79,8.08,6.68,5.57,4.62,3.91,3.33,2.95,2.72,2.56,2.42,2.38,2.44,2.71,3.15,4.01,5.04,6.59,7.36,8.91,30.36,4.12,-38.27,38.49,276.14,F6B-7,3,FVF2666,0,0
48.71,48.5,47.78,46,43.51,40.69,37.88,35.66,33.35,31.42,29.86,28.74,28.17,28.14,28.64,30.3,33.12,37.38,42.9,49.19,56.19,62.92,67.97,71.71,74.59,77.1,79.38,81.29,84.15,85,86.33,68.78,28.82,-1.38,28.85,357.27,F4U-7,0.06,FVF2666,0,0
24.77,23.37,21.86,19.79,17.49,15.18,13.05,11.49,10.01,8.82,7.96,7.34,7.07,7.07,7.35,8.24,9.89,12.69,16.82,22.14,28.99,37.33,46.04,55.15,63.66,70.73,76.02,79.62,82.64,83.49,84.6,47.34,45.79,2.59,45.86,3.24,F4U-7,0.5,FVF2666,0,0
14.23,13.02,11.81,10.26,8.64,7.12,5.82,4.94,4.14,3.61,3.22,2.99,2.87,2.88,3.05,3.37,4.13,5.63,8.2,12.07,17.62,24.75,32.38,40.81,49.46,57.41,64.25,69.42,73.82,75.24,77.41,36.49,48.08,6.98,48.58,8.25,F4U-7,1.5,FVF2666,0,0
8.99,7.92,7.09,5.99,4.93,4.01,3.29,2.82,2.52,2.25,2.09,2,1.97,1.99,2.07,2.22,2.6,3.2,4.66,7.26,11.52,17.61,24.49,32.29,40.49,48.4,55.69,61.65,67.54,69.31,72.04,30.62,45.43,10.72,46.68,13.27,F4U-7,3,FVF2666,0,0
59.71,62.61,65.16,67.07,68.14,68.94,69.45,69.68,69.39,68.36,66.84,64.78,62.42,59.49,56.75,53.92,50.89,47.97,45.41,43.32,41.46,39.58,38.25,38.21,39.13,40.99,43.08,44.7,46.07,46.77,49.45,78.25,-10.84,-13.5,17.32,231.24,F6C-6,0.06,FVF2666,0,0
47.75,51.55,55.32,58.39,60.43,62.24,63.37,63.62,63.24,61.84,59.3,55.82,51.75,47.28,43.14,39.06,35.17,31.73,28.86,26.57,24.46,22.22,20.51,19.86,20.18,21,21.9,22.35,22.67,23,24.92,69.48,-17.65,-22.11,28.29,231.4,F6C-6,0.5,FVF2666,0,0
37.22,41.33,46.34,50.97,54.79,58.53,60.57,60.33,57.97,54.52,50.01,44.99,39.95,35.17,31.01,27.09,23.43,20.16,17.53,15.51,13.69,11.88,10.51,9.96,10.07,10.51,10.99,11.26,11.43,11.7,13.14,61.09,-18.92,-31.5,36.74,239.02,F6C-6,1.5,FVF2666,0,0
29.71,33.64,38.32,42.81,46.67,50.5,52.35,51.78,48.93,45.06,40.75,36.14,31.63,27.29,23.49,19.88,16.51,13.6,11.33,9.68,8.28,6.92,5.98,5.61,5.69,5.93,6.18,6.39,6.53,6.76,7.77,54.29,-18.96,-34.59,39.44,241.27,F6C-6,3,FVF2666,0,0
60.13,63.53,66.9,69.46,71.03,72.2,72.9,73.17,73.02,72.2,70.62,68.52,65.99,62.92,59.93,56.82,53.57,50.42,47.68,45.41,43.4,41.38,39.94,39.92,40.93,42.93,45.13,46.68,47.89,48.49,51.18,79.88,-11.68,-13.27,17.68,228.65,F6C-6,0.06,FVF2429,0,0
48.98,53.46,58.6,63.22,66.7,69.77,71.67,72.02,71.52,69.45,66.09,61.54,56.32,50.66,45.68,40.96,36.49,32.61,29.5,27.14,24.97,22.7,21,20.38,20.73,21.59,22.51,22.99,23.35,23.69,25.63,71.41,-19.25,-24.83,31.42,232.21,F6C-6,0.5,FVF2429,0,0
36.64,40.75,45.57,50.12,53.85,57.54,59.64,59.82,58.03,54.9,50.77,45.85,40.79,35.71,31.35,27.29,23.5,20.15,17.5,15.49,13.68,11.85,10.53,10,10.15,10.65,11.22,11.49,11.72,12.12,13.46,61.27,-20.12,-30.5,36.54,236.59,F6C-6,1.5,FVF2429,0,0
30.11,33.88,38.55,42.97,46.69,50.39,52.33,52.03,49.75,46.33,42.1,37.43,32.74,28.25,24.3,20.57,17.14,14.16,11.87,10.2,8.77,7.37,6.41,6.02,6.12,6.47,6.84,7.04,7.24,7.5,8.59,55.06,-19.83,-33.49,38.92,239.37,F6C-6,3,FVF2429,0,0
47.94,48.03,47.71,46.31,44,41.31,38.55,36.37,34.08,32.1,30.61,29.52,28.97,28.96,29.47,31.23,34.11,38.58,44.45,51.36,59.34,67.45,73.78,78.38,81.41,83.59,85.1,86.01,87.15,87.29,87.65,69.98,30.35,0.05,30.35,0.1,F4U-7,0.06,FVF2429,0,0
25.23,23.92,22.6,20.67,18.45,16.2,14.07,12.49,10.97,9.75,8.83,8.19,7.92,7.93,8.22,9.18,10.92,13.84,18.05,23.39,30.23,38.58,47.23,56.15,64.25,70.87,75.76,79.16,82.31,83.04,84.26,48.6,44.5,2.6,44.57,3.34,F4U-7,0.5,FVF2429,0,0
14.52,13.26,12.09,10.58,9.01,7.49,6.16,5.24,4.43,3.85,3.44,3.19,3.06,3.08,3.26,3.66,4.45,6.03,8.72,12.67,18.27,25.37,32.96,41.34,49.88,57.61,64.08,68.97,73.27,74.43,76.44,37.14,47.65,6.87,48.14,8.2,F4U-7,1.5,FVF2429,0,0
9.44,8.46,7.59,6.46,5.33,4.34,3.53,3.03,2.66,2.38,2.2,2.1,2.06,2.08,2.18,2.36,2.68,3.48,5.1,7.88,12.31,18.48,25.37,33.15,41.37,49.35,56.67,62.7,68.49,70.3,72.88,31.36,45.78,10.28,46.92,12.66,F4U-7,3,FVF2429,0,0
58.46,61.42,64.33,66.39,67.26,67.49,66.93,65.83,63.87,61.58,58.78,55.79,52.8,49.74,47.04,44.45,41.95,39.73,37.82,36.28,35.12,34.1,33.65,34,35.97,39.17,43.32,47.33,51.58,53.03,56.54,73.53,-6.29,-19.53,20.52,252.16,F6B-7,0.06,FVF2429,0,0
39.84,41.71,43.69,44.52,44.38,43.52,41.75,39.74,36.95,34.04,31.16,28.26,25.61,23.1,20.89,18.8,16.89,15.23,13.89,12.88,12.11,11.4,11.08,11.29,12.46,14.53,17.35,20.2,23.18,24.48,27.2,52.61,-4.16,-31.04,31.32,262.38,F6B-7,0.5,FVF2429,0,0
27.52,28.9,30.35,30.86,30.68,29.82,28.15,26.28,23.75,21.19,18.71,16.23,14.02,12.1,10.43,8.9,7.64,6.58,5.78,5.25,4.89,4.54,4.42,4.47,5.05,6.14,7.85,9.7,11.93,13,15.16,39.28,-1.28,-35.78,35.8,267.95,F6B-7,1.5,FVF2429,0,0
20.85,21.97,23.25,23.67,23.46,22.64,21.07,19.32,17.02,14.76,12.6,10.54,8.8,7.35,6.16,5.14,4.34,3.7,3.27,3,2.81,2.65,2.6,2.66,2.97,3.48,4.45,5.57,7.17,7.98,9.61,31.52,2.68,-37.21,37.31,274.12,F6B-7,3,FVF2429,0,0
60.05,61.47,62.26,61.6,59.61,56.93,53.86,51.11,48.07,45.56,43.43,41.87,40.96,40.76,41.18,42.86,45.95,51.86,60.8,71.88,84.03,91.55,93.42,94.57,94.76,94.27,93.75,92.22,91.13,90.51,90.99,79.2,29.76,-0.36,29.76,359.31,F4A-3,0.06,FVF2429,0,0
42.27,40.77,38.5,35.3,31.75,28.22,24.92,22.42,19.95,18,16.57,15.55,15.06,15.09,15.45,16.72,19.29,24.53,33.23,45.82,63.67,81.08,91.5,98.19,100.8,99.96,99.24,96.96,94.58,93.09,93.35,63.26,52.26,5.68,52.56,6.2,F4A-3,0.5,FVF2429,0,0
29.37,27.35,24.91,21.93,18.91,16.07,13.55,11.74,10.07,8.82,7.95,7.37,7.18,7.22,7.61,8.36,10.17,14,20.79,31.24,47.32,65.46,79.01,90.05,95.87,96.57,97.86,95.59,93.48,92,92.68,53.85,59.23,11.29,60.3,10.79,F4A-3,1.5,FVF2429,0,0
22.42,20.27,17.92,15.26,12.7,10.39,8.46,7.14,5.98,5.17,4.65,4.32,4.21,4.27,4.51,5.06,6.33,9.16,14.53,23.47,37.95,55.85,71.44,85.83,94.64,96.94,99.02,96.84,94.57,92.92,93.64,48.53,62.62,16.18,64.67,14.49,F4A-3,3,FVF2429,0,0
43.71,40.21,37.1,34.39,32.56,32.75,34.75,40.99,55.91,68.35,68.8,62.56,59.51,57.95,54.63,55.26,66.13,89.07,112.6,122.18,125.84,125.17,119.53,115.23,109.91,103.66,101.62,98.43,96.1,94.32,94.39,91.19,20.01,38.89,43.73,62.77,224-3,0.06,FVF2429,0,0
20.64,16.91,14.23,12.17,10.92,10.84,11.69,14.97,24.07,33.02,33.65,29.37,27.64,27.02,25.46,27.04,37.94,62.28,94.17,122.67,143.92,148.81,144.03,139.1,130.13,117.62,113.42,107.15,102.83,99.86,100.65,82.01,48.9,63.82,80.4,52.54,224-3,0.5,FVF2429,0,0
10.48,7.8,6.13,5,4.34,4.26,4.47,5.6,9.59,14.7,15.47,13.12,12.48,12.65,12.15,13.64,22.55,45.07,76.19,108.22,141.14,158.14,158.38,157.15,147.9,131.6,125.06,115.32,108.52,104.2,104.82,75.63,66.92,80.08,104.36,50.12,224-3,1.5,FVF2429,0,0
6.2,4.45,3.5,2.96,2.68,2.59,2.7,3.07,4.91,7.92,8.57,7.18,6.84,7.09,7.11,7.8,13.84,31.54,58.96,87.62,119.35,140.4,145.95,149.41,143.53,128.99,123.15,113.45,106.47,102.44,103.79,69.25,71.77,82.21,109.13,48.88,224-3,3,FVF2429,0,0
60.38,64.08,67.42,69.43,69.93,69.42,67.69,65.03,61.06,57.55,53.13,48.23,45.13,44.37,43.15,42.64,48.19,65.88,92.14,113.51,122.71,120.63,115.65,113.62,109.58,103.01,100.07,95.95,94.11,92.73,92.92,86.33,37.07,1.74,37.11,2.69,243-7,0.06,FVF2429,0,0
48.04,52.99,56.3,56.26,53.5,49.08,43.8,38.62,33.08,29.06,25.14,21.06,18.62,18.06,17.27,16.87,21.29,37.38,65.8,100.93,135.8,147.36,143.34,142.97,136.47,122.39,115.33,105.66,99.98,97.13,97.88,76.8,67.1,5.31,67.31,4.52,243-7,0.5,FVF2429,0,0
38,43.76,47.22,45.64,41.21,35.64,30.1,25.24,20.34,16.89,13.77,10.63,8.93,8.53,8.04,7.7,10.51,22.78,47.58,80.41,119.8,143.61,148.25,153.02,149.16,133.24,124.98,112.67,105.13,101.67,103.06,70.02,78.63,8.79,79.12,6.38,243-7,1.5,FVF2429,0,0
30.6,36.4,39.71,37.7,33,27.58,22.42,18.02,13.77,10.92,8.5,6.2,5.03,4.8,4.56,4.51,6.11,14.55,33.91,61.91,96.1,121.4,131.82,142.05,142.05,129.54,123.71,112.74,106.08,101.41,104.79,63.62,80.56,8.98,81.06,6.36,243-7,3,FVF2429,0,0
59.54,62.66,65.64,67.85,68.77,68.85,68.29,67.22,65.45,63.56,60.99,57.63,55.57,54.9,54.06,53.57,58.58,73.75,92.85,103.72,107.7,107.41,105.19,104.19,101.72,97.74,96.02,93.49,92.47,91.46,91.5,88.14,24.89,4.37,25.27,9.97,247-1,0.06,FVF2429,0,0
50.15,53.04,55.4,57.06,56.71,54.63,51.39,47.6,42.88,38.81,34.6,30.11,27.42,26.71,25.66,25.17,29.83,45.25,69.1,91.34,108.92,118.89,121.62,123.71,119.76,110.49,105.95,99.5,95.79,93.8,94.4,77.81,51.51,1.3,51.53,1.45,247-1,0.5,FVF2429,0,0
39.29,41.47,43.26,44.19,43.45,40.97,37.53,33.78,29.36,25.79,22.14,18.31,16.03,15.46,14.63,14,17.26,29.86,50.86,71.39,89.34,102.2,109.47,115.78,114.29,105.9,101.87,95.34,91.7,89.81,90.54,69.08,58.92,1.4,58.94,1.36,247-1,1.5,FVF2429,0,0
33.02,35.27,36.81,37.37,36.2,33.32,29.63,25.88,21.6,18.32,15.1,11.82,9.98,9.51,8.86,8.44,10.17,19.35,36.68,55.15,72.01,86.28,97.37,107.65,109.26,102.84,99.85,93.81,90.42,87.92,89.57,62.06,63.42,-0.67,63.42,359.4,247-1,3,FVF2429,0,0
54.76,56.85,59.04,61.97,62.59,60.66,56.97,52.67,48.58,45.68,41.5,37.5,36.74,37.39,36.96,38.92,48.99,71.26,98.78,117.5,128.89,131.63,127.71,123.22,116.64,108.54,105.58,101.33,98.11,95.9,96.01,85.51,44.63,9.06,45.54,11.47,241-1,0.06,FVF2429,0,0
33.96,34.43,35.08,36.65,36.14,33.1,28.92,24.75,21.24,18.96,15.89,13.1,12.7,13.14,12.84,14.02,21.66,42.09,72.64,105.57,137.52,153.04,151.61,148.74,139.46,125.05,119.77,112,106.22,102.45,103.09,75.74,70.74,23.61,74.58,18.45,241-1,0.5,FVF2429,0,0
21.16,21.44,21.93,23.06,22.65,20.14,16.72,13.45,10.8,9.17,7.2,5.52,5.36,5.42,5.49,5.89,10.18,24.51,49.72,78.52,110.31,131.17,136.91,140.4,135.19,122.67,118.85,111.19,105.87,101.01,104.01,66.8,76.52,29.58,82.04,21.14,241-1,1.5,FVF2429,0,0
15.69,16.33,16.82,17.44,16.7,14.42,11.54,8.91,6.87,5.69,4.37,3.32,3.23,3.27,3.34,3.54,5.9,14.88,33.27,56.66,82.32,100.9,108.6,114.7,113.85,106.66,105.95,101.39,98.26,94.83,98.03,58.81,73.94,27.69,78.96,20.53,241-1,3,FVF2429,0,0
43.94,43.43,42.66,41.23,39.76,38.77,38.33,38.6,39.04,39.34,39.5,39.57,39.69,39.49,39.03,37.93,36.69,35.62,34.78,34.26,34.1,34.14,34.44,35.49,37.5,40.29,43.77,47.35,53.39,56.73,62.33,67.59,-2.25,-2.76,3.56,230.86,C0B,0.06,FVF2429,0,0
20.02,18.68,17.42,15.99,14.79,14.03,13.71,13.82,14.08,14.34,14.44,14.47,14.52,14.46,14.08,13.24,12.38,11.61,11.08,10.79,10.68,10.68,10.98,11.56,12.89,14.76,17.28,19.96,24.56,27.57,32.54,42.69,-2.89,-4.4,5.27,236.75,C0B,0.5,FVF2429,0,0
10.05,8.99,8.06,7.07,6.32,5.88,5.7,5.7,5.84,5.99,6.03,6.04,6.07,6.04,5.77,5.35,4.86,4.5,4.21,4.07,4.02,4.04,4.18,4.51,5.14,6.18,7.7,9.48,12.96,15.46,19.6,27.37,-2.37,-4.79,5.34,243.71,C0B,1.5,FVF2429,0,0
6.3,5.51,4.9,4.3,3.8,3.55,3.43,3.42,3.49,3.56,3.58,3.58,3.62,3.62,3.49,3.26,2.99,2.78,2.64,2.57,2.56,2.57,2.65,2.8,3.2,3.77,4.76,5.93,8.59,10.62,14.11,20.78,-1.26,-3.8,4.01,251.73,C0B,3,FVF2429,0,0
41.38,41.65,40.69,37.84,34.62,31.98,30.06,29.06,29.02,29.53,31.11,34.04,39.71,49.34,62.05,73.66,79.83,82.15,83.18,83.63,84.32,84.96,85.25,85.52,85.84,86.29,86.67,87.06,87.67,87.62,87.79,83.98,16.47,33.96,37.74,64.12,F24-3,0.06,FVF2429,0,0
17.5,16.98,15.67,13.21,10.91,9.19,8.04,7.47,7.44,7.72,8.62,10.39,14.17,21.53,32.96,47.09,58.89,65.29,68.4,69.99,71.28,72.3,73.18,74.14,75.41,76.88,78.33,79.4,81.11,81.63,82.62,71.82,29.59,58.12,65.22,63.02,F24-3,0.5,FVF2429,0,0
8.86,8.47,7.6,6.09,4.79,3.93,3.43,3.2,3.15,3.28,3.67,4.48,6.61,11.65,20.88,33.75,46.99,56.65,62.27,65.36,67.7,69.56,70.75,71.79,72.93,74.1,75.2,76.09,77.6,77.97,79.01,66.41,37.41,70.79,80.07,62.14,F24-3,1.5,FVF2429,0,0
4.91,4.56,4.06,3.25,2.64,2.3,2.13,2.04,2.02,2.07,2.21,2.46,3.48,6.55,13.59,24.82,37.22,47.75,55.34,60.68,64.85,67.95,69.89,71.35,72.72,74,75.14,75.97,77.46,77.71,78.48,62.42,43.22,75.9,87.35,60.34,F24-3,3,FVF2429,0,0
58.5,61.9,64.92,66.3,65.89,64.18,61.26,58.19,54.74,51.34,47.68,44.93,43.35,41.12,38.79,38.42,39.57,40.11,39.5,39.81,45.07,56.42,69.26,79.44,84.68,86.96,88.2,88.38,88.35,87.98,88.4,73.76,18.84,-15.46,24.38,320.62,F51-5,0.06,FVF2429,0,0
44.38,47.43,49.21,48.29,45.47,41.75,37.52,33.9,30.35,27.14,24.03,21.69,20.33,18.67,16.84,16.46,17.34,17.8,17.4,17.68,21.76,30.95,43.52,58.44,70.38,76.99,80.76,81.19,81.06,80.39,81.64,55.97,30.8,-23.42,38.69,322.75,F51-5,0.5,FVF2429,0,0
35.09,37.92,39.09,37.35,33.99,30.1,25.93,22.45,19.17,16.31,13.61,11.64,10.59,9.36,8.05,7.78,8.4,8.67,8.45,8.6,11.69,19.38,30.48,44.28,56.99,65.35,70.48,71.87,71.44,70.73,72.38,44.26,38.56,-28.32,47.85,323.7,F51-5,1.5,FVF2429,0,0
26.62,28.95,29.84,27.99,24.74,21.08,17.27,14.21,11.47,9.26,7.29,5.97,5.3,4.6,3.92,3.84,4.05,4.14,4.14,4.3,6.03,11.51,20.69,32.77,44.26,52.6,58.18,60.29,60.11,59.4,61.08,34.65,43.06,-30.06,52.52,325.08,F51-5,3,FVF2429,0,0